date,product_category,product_name,region,customer_segment,sales_channel,quantity,revenue
2025-01-01,FMCG,Beverage Pack B1,Dhaka,Retail,Direct,149,120125
2025-01-01,FMCG,Personal Care P3,Dhaka,Government,Online,107,56195
2025-01-01,FMCG,Beverage Pack B1,Chattogram,Retail,Distributor,181,64546
2025-01-02,Industrial,Hydraulic Pump HP4,Dhaka,Government,Direct,6,250000
2025-01-03,FMCG,Beverage Pack B1,Chattogram,Retail,Direct,200,250000
2025-01-03,FMCG,Personal Care P3,Dhaka,Corporate,Direct,200,129518
2025-01-04,FMCG,Personal Care P3,Khulna,Corporate,Direct,51,52538
2025-01-05,Electronics,Laptop Elite L2,Sylhet,Government,Distributor,38,250000
2025-01-05,FMCG,Personal Care P3,Dhaka,Retail,Distributor,160,184639
2025-01-05,FMCG,Food Items F5,Dhaka,Government,Distributor,29,50580
2025-01-06,Electronics,Wireless Earbuds E5,Khulna,Government,Distributor,57,250000
2025-01-06,Furniture,Conference Table T3,Khulna,Corporate,Partner,17,250000
2025-01-06,Electronics,Wireless Earbuds E5,Khulna,Retail,Direct,45,250000
2025-01-07,FMCG,Personal Care P3,Sylhet,Government,Distributor,156,250000
2025-01-08,FMCG,Beverage Pack B1,Chattogram,Government,Direct,200,250000
2025-01-08,Furniture,Conference Table T3,Chattogram,Government,Direct,3,250000
2025-01-08,FMCG,Snack Bundle S2,Khulna,Retail,Online,165,250000
2025-01-09,Furniture,Ergonomic Chair C2,Chattogram,Government,Direct,5,250000
2025-01-10,Electronics,Wireless Earbuds E5,Rajshahi,Retail,Online,55,250000
2025-01-11,Furniture,Ergonomic Chair C2,Khulna,Retail,Distributor,6,250000
2025-01-11,Industrial,Conveyor Belt CB2,Chattogram,SME,Partner,10,250000
2025-01-11,Industrial,Hydraulic Pump HP4,Rajshahi,Government,Distributor,5,250000
2025-01-11,Furniture,Conference Table T3,Dhaka,Government,Partner,18,250000
2025-01-12,Electronics,Tablet Ultra T3,Dhaka,Corporate,Direct,35,250000
2025-01-12,Furniture,Storage Cabinet S4,Rajshahi,Retail,Distributor,8,250000
2025-01-12,Electronics,Tablet Ultra T3,Dhaka,SME,Partner,25,234553
2025-01-12,Industrial,Conveyor Belt CB2,Rajshahi,Government,Distributor,1,91800
2025-01-12,Furniture,Storage Cabinet S4,Dhaka,SME,Direct,2,148920
2025-01-13,Industrial,Machine Tool MT1,Dhaka,Government,Online,1,250000
2025-01-14,Furniture,Conference Table T3,Chattogram,SME,Direct,17,250000
2025-01-14,FMCG,Beverage Pack B1,Sylhet,Retail,Distributor,192,39891
2025-01-14,FMCG,Beverage Pack B1,Chattogram,Retail,Distributor,200,250000
2025-01-14,FMCG,Snack Bundle S2,Dhaka,SME,Partner,97,230863
2025-01-15,Furniture,Ergonomic Chair C2,Dhaka,Government,Direct,9,250000
2025-01-15,FMCG,Personal Care P3,Chattogram,Government,Direct,200,206918
2025-01-15,Electronics,Tablet Ultra T3,Dhaka,SME,Distributor,53,250000
2025-01-15,FMCG,Snack Bundle S2,Chattogram,Government,Distributor,200,250000
2025-01-15,Electronics,Monitor 4K M4,Khulna,Corporate,Distributor,40,250000
2025-01-15,FMCG,Cleaning Supplies C4,Khulna,Government,Direct,196,250000
2025-01-16,FMCG,Food Items F5,Sylhet,SME,Online,41,14354
2025-01-16,Furniture,Office Desk D1,Dhaka,Government,Direct,2,250000
2025-01-17,Industrial,Machine Tool MT1,Khulna,Government,Partner,6,250000
2025-01-17,FMCG,Cleaning Supplies C4,Chattogram,SME,Direct,57,9136
2025-01-17,Industrial,Machine Tool MT1,Dhaka,SME,Online,4,250000
2025-01-17,Industrial,Conveyor Belt CB2,Dhaka,Retail,Distributor,19,250000
2025-01-17,FMCG,Personal Care P3,Khulna,SME,Partner,73,196597
2025-01-19,Furniture,Conference Table T3,Chattogram,Retail,Partner,2,250000
2025-01-19,FMCG,Cleaning Supplies C4,Rajshahi,Corporate,Online,34,10355
2025-01-19,Industrial,Hydraulic Pump HP4,Rajshahi,Retail,Direct,3,250000
2025-01-19,FMCG,Snack Bundle S2,Rajshahi,Corporate,Online,43,75179
2025-01-19,Electronics,Wireless Earbuds E5,Dhaka,Corporate,Direct,20,250000
2025-01-19,FMCG,Beverage Pack B1,Dhaka,SME,Direct,85,186170
2025-01-20,Furniture,Ergonomic Chair C2,Dhaka,SME,Partner,23,250000
2025-01-20,Electronics,Wireless Earbuds E5,Dhaka,Corporate,Online,49,250000
2025-01-20,FMCG,Personal Care P3,Chattogram,Government,Direct,48,126605
2025-01-20,Industrial,Hydraulic Pump HP4,Dhaka,Corporate,Distributor,16,250000
2025-01-21,Industrial,Conveyor Belt CB2,Rajshahi,Retail,Distributor,8,250000
2025-01-21,Electronics,Smartphone Pro X1,Dhaka,Government,Partner,59,250000
2025-01-21,FMCG,Food Items F5,Khulna,Corporate,Online,200,250000
2025-01-22,Industrial,Machine Tool MT1,Dhaka,Government,Distributor,3,250000
2025-01-22,FMCG,Cleaning Supplies C4,Khulna,Government,Direct,31,15076
2025-01-22,FMCG,Cleaning Supplies C4,Chattogram,Government,Direct,200,188399
2025-01-22,Industrial,Hydraulic Pump HP4,Rajshahi,SME,Partner,13,250000
2025-01-22,Industrial,Power Generator PG3,Rajshahi,SME,Online,7,250000
2025-01-23,Electronics,Smartphone Pro X1,Dhaka,SME,Partner,64,250000
2025-01-23,Furniture,Conference Table T3,Sylhet,SME,Direct,25,250000
2025-01-23,Industrial,Power Generator PG3,Chattogram,Retail,Distributor,13,250000
2025-01-23,Electronics,Wireless Earbuds E5,Chattogram,Corporate,Online,60,250000
2025-01-24,Industrial,Conveyor Belt CB2,Rajshahi,Corporate,Direct,13,250000
2025-01-24,Industrial,Conveyor Belt CB2,Chattogram,Corporate,Distributor,15,250000
2025-01-24,Electronics,Laptop Elite L2,Chattogram,SME,Partner,50,250000
2025-01-25,Industrial,Power Generator PG3,Chattogram,SME,Online,2,250000
2025-01-25,FMCG,Personal Care P3,Khulna,Government,Distributor,107,250000
2025-01-25,FMCG,Personal Care P3,Dhaka,Government,Partner,137,197528
2025-01-26,FMCG,Beverage Pack B1,Dhaka,Retail,Distributor,116,250000
2025-01-26,Furniture,Conference Table T3,Sylhet,SME,Direct,14,250000
2025-01-26,Furniture,Ergonomic Chair C2,Dhaka,Government,Distributor,12,250000
2025-01-26,Furniture,Storage Cabinet S4,Khulna,Government,Distributor,4,250000
2025-01-26,Electronics,Wireless Earbuds E5,Dhaka,Retail,Partner,17,250000
2025-01-26,Electronics,Monitor 4K M4,Rajshahi,Corporate,Partner,22,145920
2025-01-26,Electronics,Tablet Ultra T3,Dhaka,Government,Partner,15,250000
2025-01-26,Electronics,Tablet Ultra T3,Dhaka,Government,Online,19,130935
2025-01-26,Furniture,Ergonomic Chair C2,Khulna,Government,Partner,13,250000
2025-01-27,Furniture,Ergonomic Chair C2,Chattogram,Corporate,Direct,14,250000
2025-01-27,FMCG,Personal Care P3,Khulna,Retail,Direct,137,250000
2025-01-28,Industrial,Power Generator PG3,Dhaka,SME,Online,15,250000
2025-01-28,Furniture,Storage Cabinet S4,Dhaka,SME,Distributor,25,250000
2025-01-28,Furniture,Ergonomic Chair C2,Khulna,Retail,Distributor,21,250000
2025-01-29,Electronics,Wireless Earbuds E5,Sylhet,Corporate,Online,25,250000
2025-01-29,Electronics,Laptop Elite L2,Khulna,Government,Direct,59,250000
2025-01-30,Industrial,Hydraulic Pump HP4,Khulna,Government,Online,5,250000
2025-01-30,Furniture,Office Desk D1,Dhaka,SME,Online,22,250000
2025-01-30,Industrial,Machine Tool MT1,Dhaka,Corporate,Online,18,250000
2025-01-30,Industrial,Power Generator PG3,Sylhet,Government,Distributor,19,250000
2025-01-30,Furniture,Conference Table T3,Dhaka,Government,Distributor,10,250000
2025-01-31,Industrial,Hydraulic Pump HP4,Chattogram,Corporate,Direct,6,250000
2025-02-01,Electronics,Smartphone Pro X1,Rajshahi,Government,Online,7,112400
2025-02-01,Electronics,Monitor 4K M4,Khulna,Retail,Direct,9,147410
2025-02-02,Electronics,Laptop Elite L2,Chattogram,SME,Direct,32,250000
2025-02-02,FMCG,Snack Bundle S2,Chattogram,Corporate,Partner,109,93715
2025-02-02,Furniture,Storage Cabinet S4,Khulna,Retail,Partner,8,250000
2025-02-03,Furniture,Conference Table T3,Chattogram,Government,Direct,7,250000
2025-02-03,Industrial,Machine Tool MT1,Khulna,Government,Online,2,250000
2025-02-03,Electronics,Monitor 4K M4,Rajshahi,Retail,Distributor,24,146576
2025-02-04,Electronics,Smartphone Pro X1,Dhaka,Corporate,Distributor,40,250000
2025-02-04,Furniture,Office Desk D1,Khulna,Government,Partner,25,250000
2025-02-04,FMCG,Personal Care P3,Chattogram,SME,Distributor,133,250000
2025-02-04,Industrial,Power Generator PG3,Sylhet,SME,Distributor,1,250000
2025-02-05,Electronics,Tablet Ultra T3,Khulna,Government,Direct,28,250000
2025-02-05,Furniture,Storage Cabinet S4,Khulna,SME,Direct,18,250000
2025-02-06,FMCG,Snack Bundle S2,Dhaka,Government,Direct,200,250000
2025-02-06,Electronics,Smartphone Pro X1,Rajshahi,Government,Direct,59,250000
2025-02-06,Furniture,Storage Cabinet S4,Chattogram,Government,Online,1,44072
2025-02-06,Electronics,Wireless Earbuds E5,Khulna,SME,Direct,40,250000
2025-02-06,Furniture,Ergonomic Chair C2,Dhaka,SME,Partner,11,250000
2025-02-07,Industrial,Conveyor Belt CB2,Sylhet,Corporate,Direct,15,250000
2025-02-07,Electronics,Smartphone Pro X1,Chattogram,Government,Online,14,250000
2025-02-07,Industrial,Hydraulic Pump HP4,Khulna,SME,Online,15,250000
2025-02-07,Furniture,Ergonomic Chair C2,Sylhet,Government,Direct,3,250000
2025-02-07,Electronics,Laptop Elite L2,Sylhet,SME,Direct,25,250000
2025-02-08,Industrial,Machine Tool MT1,Dhaka,Corporate,Online,12,250000
2025-02-08,Industrial,Conveyor Belt CB2,Rajshahi,Retail,Distributor,3,250000
2025-02-08,Electronics,Tablet Ultra T3,Khulna,Government,Partner,26,170827
2025-02-09,Industrial,Hydraulic Pump HP4,Dhaka,Government,Distributor,7,250000
2025-02-09,FMCG,Snack Bundle S2,Khulna,Retail,Direct,78,206161
2025-02-10,Industrial,Power Generator PG3,Chattogram,Retail,Direct,4,250000
2025-02-10,Furniture,Office Desk D1,Dhaka,Government,Online,20,250000
2025-02-10,Electronics,Wireless Earbuds E5,Khulna,SME,Partner,11,136757
2025-02-10,Furniture,Ergonomic Chair C2,Khulna,Corporate,Direct,10,250000
2025-02-10,Industrial,Power Generator PG3,Chattogram,Government,Online,6,250000
2025-02-11,Industrial,Conveyor Belt CB2,Chattogram,Corporate,Distributor,7,250000
2025-02-11,FMCG,Cleaning Supplies C4,Chattogram,Corporate,Distributor,200,250000
2025-02-11,Industrial,Power Generator PG3,Dhaka,Government,Partner,17,250000
2025-02-11,Industrial,Power Generator PG3,Dhaka,Corporate,Online,11,250000
2025-02-11,Industrial,Conveyor Belt CB2,Chattogram,SME,Partner,1,250000
2025-02-11,FMCG,Snack Bundle S2,Dhaka,Corporate,Online,167,50952
2025-02-11,Industrial,Hydraulic Pump HP4,Chattogram,SME,Online,15,250000
2025-02-11,Electronics,Laptop Elite L2,Khulna,SME,Direct,58,250000
2025-02-12,Industrial,Power Generator PG3,Sylhet,Government,Direct,2,250000
2025-02-12,Furniture,Storage Cabinet S4,Chattogram,Government,Online,25,250000
2025-02-12,Industrial,Machine Tool MT1,Dhaka,Retail,Direct,15,250000
2025-02-12,Furniture,Storage Cabinet S4,Chattogram,Retail,Distributor,17,250000
2025-02-14,Electronics,Smartphone Pro X1,Rajshahi,Retail,Online,21,250000
2025-02-15,Furniture,Conference Table T3,Khulna,Government,Direct,11,250000
2025-02-15,Industrial,Hydraulic Pump HP4,Dhaka,Corporate,Distributor,4,250000
2025-02-15,FMCG,Beverage Pack B1,Khulna,Corporate,Distributor,58,92069
2025-02-15,Industrial,Power Generator PG3,Khulna,Government,Online,4,250000
2025-02-16,FMCG,Food Items F5,Khulna,Corporate,Distributor,57,63257
2025-02-16,Furniture,Storage Cabinet S4,Chattogram,Corporate,Online,9,250000
2025-02-16,Furniture,Ergonomic Chair C2,Chattogram,Corporate,Direct,9,250000
2025-02-16,Electronics,Monitor 4K M4,Dhaka,Government,Partner,35,250000
2025-02-17,Industrial,Hydraulic Pump HP4,Chattogram,Retail,Online,13,250000
2025-02-17,FMCG,Snack Bundle S2,Rajshahi,Government,Distributor,58,112652
2025-02-17,FMCG,Food Items F5,Rajshahi,Retail,Online,143,250000
2025-02-17,Furniture,Conference Table T3,Rajshahi,Retail,Distributor,13,250000
2025-02-17,Furniture,Ergonomic Chair C2,Rajshahi,SME,Partner,22,250000
2025-02-18,Furniture,Ergonomic Chair C2,Rajshahi,SME,Distributor,25,250000
2025-02-18,FMCG,Personal Care P3,Khulna,Retail,Direct,155,40245
2025-02-18,Furniture,Ergonomic Chair C2,Dhaka,SME,Partner,17,250000
2025-02-19,Industrial,Hydraulic Pump HP4,Chattogram,Retail,Distributor,14,250000
2025-02-19,Industrial,Hydraulic Pump HP4,Chattogram,Retail,Partner,15,250000
2025-02-20,FMCG,Beverage Pack B1,Rajshahi,Government,Direct,159,132331
2025-02-20,FMCG,Personal Care P3,Chattogram,Corporate,Online,177,241682
2025-02-20,Electronics,Smartphone Pro X1,Khulna,Government,Direct,26,250000
2025-02-21,Industrial,Conveyor Belt CB2,Sylhet,Corporate,Partner,5,250000
2025-02-21,Electronics,Tablet Ultra T3,Dhaka,SME,Online,24,150661
2025-02-22,Furniture,Storage Cabinet S4,Khulna,Retail,Direct,11,250000
2025-02-22,Industrial,Machine Tool MT1,Dhaka,SME,Partner,11,250000
2025-02-22,Furniture,Storage Cabinet S4,Dhaka,Retail,Direct,10,250000
2025-02-22,Furniture,Ergonomic Chair C2,Dhaka,Retail,Online,3,250000
2025-02-23,Furniture,Storage Cabinet S4,Khulna,Government,Partner,1,131744
2025-02-23,Industrial,Power Generator PG3,Sylhet,SME,Online,1,250000
2025-02-24,FMCG,Beverage Pack B1,Rajshahi,SME,Direct,189,250000
2025-02-24,Electronics,Laptop Elite L2,Chattogram,Retail,Direct,57,250000
2025-02-24,Electronics,Tablet Ultra T3,Sylhet,Corporate,Distributor,52,250000
2025-02-25,Industrial,Machine Tool MT1,Dhaka,Retail,Direct,4,250000
2025-02-25,Industrial,Power Generator PG3,Khulna,Government,Distributor,8,250000
2025-02-25,Furniture,Conference Table T3,Dhaka,Retail,Distributor,8,250000
2025-02-25,Electronics,Tablet Ultra T3,Khulna,Corporate,Direct,18,250000
2025-02-25,Electronics,Tablet Ultra T3,Khulna,Corporate,Direct,21,250000
2025-02-25,FMCG,Food Items F5,Chattogram,SME,Direct,59,60776
2025-02-26,Electronics,Tablet Ultra T3,Rajshahi,SME,Distributor,31,250000
2025-02-26,Industrial,Hydraulic Pump HP4,Chattogram,Retail,Distributor,11,250000
2025-02-26,Electronics,Wireless Earbuds E5,Khulna,Retail,Direct,51,232101
2025-02-26,Furniture,Office Desk D1,Chattogram,Government,Partner,7,250000
2025-02-27,Industrial,Conveyor Belt CB2,Chattogram,Government,Partner,6,250000
2025-02-27,Electronics,Wireless Earbuds E5,Khulna,Retail,Direct,46,250000
2025-02-27,Industrial,Power Generator PG3,Rajshahi,SME,Distributor,9,250000
2025-02-28,FMCG,Food Items F5,Dhaka,SME,Online,184,127627
2025-02-28,Furniture,Ergonomic Chair C2,Dhaka,Government,Direct,23,250000
2025-02-28,Electronics,Tablet Ultra T3,Dhaka,Government,Partner,40,250000
2025-02-28,Industrial,Hydraulic Pump HP4,Sylhet,Corporate,Online,2,250000
2025-02-28,Industrial,Power Generator PG3,Chattogram,Retail,Online,8,250000
2025-02-28,Electronics,Monitor 4K M4,Khulna,Corporate,Direct,28,250000
2025-02-28,FMCG,Personal Care P3,Chattogram,Corporate,Direct,81,47041
2025-03-01,Furniture,Office Desk D1,Dhaka,Government,Distributor,3,250000
2025-03-01,Industrial,Power Generator PG3,Chattogram,Retail,Direct,11,250000
2025-03-01,Electronics,Laptop Elite L2,Rajshahi,SME,Direct,20,250000
2025-03-02,FMCG,Personal Care P3,Rajshahi,Corporate,Direct,98,168697
2025-03-02,Electronics,Monitor 4K M4,Dhaka,Corporate,Direct,10,126971
2025-03-02,FMCG,Beverage Pack B1,Khulna,SME,Partner,28,4006
2025-03-02,Industrial,Conveyor Belt CB2,Dhaka,SME,Direct,5,250000
2025-03-05,Industrial,Hydraulic Pump HP4,Dhaka,Government,Direct,3,250000
2025-03-05,Furniture,Office Desk D1,Khulna,Corporate,Online,20,250000
2025-03-05,Electronics,Tablet Ultra T3,Chattogram,Government,Direct,62,250000
2025-03-06,Electronics,Monitor 4K M4,Rajshahi,SME,Distributor,51,250000
2025-03-06,Industrial,Power Generator PG3,Dhaka,SME,Online,1,194919
2025-03-07,FMCG,Food Items F5,Sylhet,Corporate,Direct,200,209532
2025-03-07,Electronics,Laptop Elite L2,Khulna,Government,Distributor,26,250000
2025-03-08,FMCG,Food Items F5,Dhaka,SME,Partner,159,82884
2025-03-08,Industrial,Power Generator PG3,Dhaka,Retail,Direct,3,250000
2025-03-08,Electronics,Tablet Ultra T3,Sylhet,Corporate,Partner,28,250000
2025-03-11,FMCG,Beverage Pack B1,Dhaka,Corporate,Online,200,250000
2025-03-11,Industrial,Machine Tool MT1,Chattogram,SME,Direct,3,250000
2025-03-11,FMCG,Snack Bundle S2,Khulna,SME,Direct,200,136739
2025-03-11,FMCG,Snack Bundle S2,Dhaka,Retail,Partner,200,250000
2025-03-11,Electronics,Laptop Elite L2,Khulna,Corporate,Online,21,250000
2025-03-11,Furniture,Conference Table T3,Sylhet,Corporate,Online,2,250000
2025-03-11,Electronics,Tablet Ultra T3,Dhaka,Retail,Distributor,22,250000
2025-03-12,Industrial,Conveyor Belt CB2,Rajshahi,Government,Partner,7,250000
2025-03-12,Furniture,Ergonomic Chair C2,Chattogram,Retail,Direct,13,250000
2025-03-13,Furniture,Storage Cabinet S4,Dhaka,Retail,Distributor,3,250000
2025-03-14,Industrial,Machine Tool MT1,Chattogram,Corporate,Online,6,250000
2025-03-14,Furniture,Storage Cabinet S4,Khulna,SME,Online,11,250000
2025-03-14,Industrial,Conveyor Belt CB2,Dhaka,Retail,Distributor,4,250000
2025-03-14,Electronics,Laptop Elite L2,Dhaka,SME,Partner,54,250000
2025-03-15,Industrial,Power Generator PG3,Dhaka,Government,Direct,13,250000
2025-03-16,FMCG,Cleaning Supplies C4,Chattogram,Corporate,Partner,133,34033
2025-03-18,Electronics,Smartphone Pro X1,Khulna,Government,Partner,69,250000
2025-03-18,Industrial,Hydraulic Pump HP4,Khulna,Corporate,Distributor,2,250000
2025-03-19,Furniture,Office Desk D1,Sylhet,Government,Direct,6,250000
2025-03-19,Industrial,Machine Tool MT1,Sylhet,Government,Direct,19,250000
2025-03-20,FMCG,Beverage Pack B1,Dhaka,Government,Online,147,250000
2025-03-20,Industrial,Machine Tool MT1,Chattogram,Corporate,Online,12,250000
2025-03-20,Electronics,Tablet Ultra T3,Rajshahi,SME,Partner,32,250000
2025-03-21,Industrial,Machine Tool MT1,Dhaka,Government,Direct,14,250000
2025-03-21,FMCG,Snack Bundle S2,Dhaka,Government,Partner,178,20655
2025-03-21,FMCG,Personal Care P3,Rajshahi,Retail,Partner,95,44431
2025-03-21,FMCG,Personal Care P3,Khulna,Retail,Direct,91,129912
2025-03-22,FMCG,Beverage Pack B1,Chattogram,Corporate,Direct,140,191775
2025-03-22,Electronics,Laptop Elite L2,Dhaka,Corporate,Partner,26,161851
2025-03-23,Furniture,Conference Table T3,Chattogram,Government,Distributor,1,133236
2025-03-23,Industrial,Conveyor Belt CB2,Sylhet,Government,Online,4,250000
2025-03-24,Electronics,Tablet Ultra T3,Dhaka,Retail,Direct,63,250000
2025-03-24,Furniture,Conference Table T3,Khulna,Retail,Partner,1,202043
2025-03-24,Electronics,Laptop Elite L2,Dhaka,SME,Online,36,250000
2025-03-24,Industrial,Power Generator PG3,Dhaka,SME,Online,17,250000
2025-03-25,FMCG,Food Items F5,Khulna,SME,Direct,63,92220
2025-03-25,FMCG,Personal Care P3,Dhaka,SME,Direct,200,199588
2025-03-25,Industrial,Power Generator PG3,Khulna,Retail,Online,5,250000
2025-03-26,Electronics,Wireless Earbuds E5,Khulna,Corporate,Distributor,32,250000
2025-03-26,FMCG,Food Items F5,Chattogram,Corporate,Partner,200,151718
2025-03-26,FMCG,Food Items F5,Rajshahi,Corporate,Partner,141,250000
2025-03-27,FMCG,Cleaning Supplies C4,Rajshahi,SME,Distributor,200,215099
2025-03-27,Electronics,Wireless Earbuds E5,Khulna,Retail,Distributor,27,250000
2025-03-27,FMCG,Cleaning Supplies C4,Dhaka,Corporate,Direct,106,130830
2025-03-27,Industrial,Conveyor Belt CB2,Chattogram,Corporate,Online,8,250000
2025-03-27,Electronics,Smartphone Pro X1,Chattogram,Corporate,Online,25,250000
2025-03-27,Electronics,Laptop Elite L2,Khulna,Government,Distributor,55,250000
2025-03-28,FMCG,Beverage Pack B1,Rajshahi,Corporate,Direct,25,64337
2025-03-28,FMCG,Personal Care P3,Dhaka,Government,Distributor,140,85355
2025-03-28,FMCG,Cleaning Supplies C4,Khulna,SME,Distributor,200,111612
2025-03-29,FMCG,Snack Bundle S2,Dhaka,Government,Direct,80,238692
2025-03-29,Electronics,Wireless Earbuds E5,Chattogram,Retail,Distributor,9,168457
2025-03-29,Electronics,Wireless Earbuds E5,Sylhet,Retail,Online,8,62939
2025-03-29,Industrial,Machine Tool MT1,Chattogram,Government,Online,2,250000
2025-03-29,Electronics,Wireless Earbuds E5,Dhaka,Corporate,Distributor,13,250000
2025-03-29,Electronics,Smartphone Pro X1,Chattogram,Corporate,Online,37,250000
2025-03-29,Furniture,Office Desk D1,Chattogram,Corporate,Online,12,250000
2025-03-30,Electronics,Smartphone Pro X1,Rajshahi,Government,Direct,12,233526
2025-03-30,FMCG,Snack Bundle S2,Chattogram,SME,Direct,24,9870
2025-03-30,FMCG,Personal Care P3,Rajshahi,SME,Distributor,38,14586
2025-03-30,Electronics,Laptop Elite L2,Khulna,Corporate,Distributor,29,250000
2025-03-31,FMCG,Personal Care P3,Dhaka,Government,Distributor,200,218055
2025-03-31,Industrial,Hydraulic Pump HP4,Khulna,Corporate,Direct,14,250000
2025-03-31,Electronics,Monitor 4K M4,Sylhet,Government,Partner,50,250000
2025-03-31,Electronics,Laptop Elite L2,Chattogram,Government,Direct,44,250000
2025-03-31,FMCG,Beverage Pack B1,Khulna,Corporate,Partner,200,250000
2025-04-01,Electronics,Monitor 4K M4,Khulna,Corporate,Distributor,42,250000
2025-04-01,Electronics,Smartphone Pro X1,Khulna,Corporate,Distributor,47,250000
2025-04-01,Industrial,Power Generator PG3,Dhaka,SME,Direct,3,250000
2025-04-01,Furniture,Office Desk D1,Chattogram,Government,Direct,20,250000
2025-04-02,Electronics,Smartphone Pro X1,Chattogram,Retail,Online,12,93761
2025-04-02,FMCG,Food Items F5,Khulna,Government,Partner,153,39412
2025-04-02,FMCG,Food Items F5,Rajshahi,Government,Online,142,250000
2025-04-03,Furniture,Office Desk D1,Chattogram,SME,Distributor,12,250000
2025-04-03,Furniture,Storage Cabinet S4,Dhaka,Corporate,Direct,16,250000
2025-04-04,FMCG,Beverage Pack B1,Rajshahi,Retail,Partner,200,250000
2025-04-04,Industrial,Conveyor Belt CB2,Sylhet,Retail,Distributor,1,250000
2025-04-05,Industrial,Conveyor Belt CB2,Khulna,Corporate,Online,2,250000
2025-04-05,FMCG,Food Items F5,Rajshahi,Government,Partner,179,155891
2025-04-06,FMCG,Cleaning Supplies C4,Rajshahi,Corporate,Distributor,147,250000
2025-04-06,FMCG,Food Items F5,Khulna,Corporate,Direct,69,168643
2025-04-06,Furniture,Conference Table T3,Khulna,SME,Online,13,250000
2025-04-07,FMCG,Cleaning Supplies C4,Rajshahi,Retail,Direct,60,14511
2025-04-07,Furniture,Conference Table T3,Khulna,Corporate,Partner,10,250000
2025-04-07,Industrial,Machine Tool MT1,Khulna,Corporate,Online,9,250000
2025-04-07,FMCG,Beverage Pack B1,Sylhet,Government,Distributor,200,250000
2025-04-07,FMCG,Snack Bundle S2,Khulna,Government,Partner,200,250000
2025-04-07,Furniture,Ergonomic Chair C2,Dhaka,Corporate,Partner,3,250000
2025-04-07,Electronics,Monitor 4K M4,Dhaka,SME,Online,20,204151
2025-04-07,FMCG,Cleaning Supplies C4,Khulna,Corporate,Direct,122,235564
2025-04-07,FMCG,Cleaning Supplies C4,Rajshahi,SME,Direct,107,185800
2025-04-08,Electronics,Wireless Earbuds E5,Dhaka,Government,Direct,33,250000
2025-04-08,FMCG,Snack Bundle S2,Sylhet,Government,Partner,200,19477
2025-04-09,Furniture,Ergonomic Chair C2,Sylhet,SME,Distributor,4,250000
2025-04-10,Electronics,Wireless Earbuds E5,Rajshahi,SME,Distributor,47,250000
2025-04-10,Furniture,Conference Table T3,Chattogram,Retail,Direct,19,250000
2025-04-10,Furniture,Storage Cabinet S4,Rajshahi,Corporate,Distributor,15,250000
2025-04-10,Furniture,Office Desk D1,Chattogram,SME,Direct,2,142752
2025-04-11,Electronics,Wireless Earbuds E5,Rajshahi,SME,Distributor,40,250000
2025-04-11,Industrial,Machine Tool MT1,Chattogram,Retail,Online,10,250000
2025-04-12,Electronics,Tablet Ultra T3,Rajshahi,SME,Online,22,250000
2025-04-12,Electronics,Monitor 4K M4,Dhaka,Corporate,Direct,33,250000
2025-04-12,FMCG,Personal Care P3,Sylhet,Retail,Online,122,61503
2025-04-12,Industrial,Machine Tool MT1,Chattogram,SME,Direct,11,250000
2025-04-12,Furniture,Ergonomic Chair C2,Khulna,SME,Direct,4,250000
2025-04-12,Industrial,Machine Tool MT1,Dhaka,Retail,Direct,2,250000
2025-04-12,Furniture,Ergonomic Chair C2,Dhaka,Retail,Partner,9,250000
2025-04-12,FMCG,Food Items F5,Dhaka,SME,Partner,115,61626
2025-04-12,Furniture,Storage Cabinet S4,Dhaka,SME,Direct,8,250000
2025-04-12,FMCG,Cleaning Supplies C4,Khulna,Corporate,Online,31,38236
2025-04-13,Furniture,Conference Table T3,Khulna,Retail,Online,1,117069
2025-04-13,Industrial,Conveyor Belt CB2,Sylhet,SME,Distributor,5,250000
2025-04-13,Industrial,Conveyor Belt CB2,Rajshahi,SME,Direct,5,250000
2025-04-14,Electronics,Laptop Elite L2,Rajshahi,Corporate,Online,19,250000
2025-04-14,Furniture,Storage Cabinet S4,Sylhet,Retail,Direct,16,250000
2025-04-14,Electronics,Laptop Elite L2,Chattogram,SME,Distributor,42,242177
2025-04-15,Electronics,Wireless Earbuds E5,Khulna,SME,Partner,29,250000
2025-04-15,Industrial,Power Generator PG3,Khulna,Retail,Distributor,7,250000
2025-04-15,FMCG,Cleaning Supplies C4,Rajshahi,Retail,Distributor,63,91850
2025-04-15,FMCG,Snack Bundle S2,Dhaka,Corporate,Distributor,74,159143
2025-04-15,Electronics,Monitor 4K M4,Khulna,Government,Direct,24,250000
2025-04-16,Electronics,Laptop Elite L2,Khulna,Corporate,Direct,50,250000
2025-04-16,Furniture,Conference Table T3,Sylhet,Government,Online,24,250000
2025-04-17,FMCG,Beverage Pack B1,Dhaka,Government,Partner,90,78378
2025-04-17,Furniture,Conference Table T3,Dhaka,SME,Partner,25,250000
2025-04-18,Furniture,Office Desk D1,Dhaka,Government,Partner,28,250000
2025-04-18,Electronics,Wireless Earbuds E5,Chattogram,Retail,Direct,18,250000
2025-04-18,Industrial,Hydraulic Pump HP4,Chattogram,Retail,Online,6,250000
2025-04-18,Industrial,Power Generator PG3,Khulna,Retail,Distributor,5,250000
2025-04-18,Electronics,Tablet Ultra T3,Khulna,Government,Direct,11,250000
2025-04-18,Electronics,Wireless Earbuds E5,Dhaka,Corporate,Online,37,250000
2025-04-19,FMCG,Personal Care P3,Rajshahi,Government,Online,152,176846
2025-04-19,Furniture,Storage Cabinet S4,Khulna,Government,Direct,15,250000
2025-04-19,FMCG,Cleaning Supplies C4,Khulna,Retail,Online,102,250000
2025-04-20,Industrial,Power Generator PG3,Rajshahi,Retail,Direct,7,250000
2025-04-20,Industrial,Hydraulic Pump HP4,Dhaka,SME,Direct,1,250000
2025-04-21,Industrial,Power Generator PG3,Khulna,Retail,Partner,14,250000
2025-04-21,Furniture,Conference Table T3,Dhaka,Corporate,Online,1,250000
2025-04-21,Furniture,Office Desk D1,Sylhet,Government,Distributor,15,250000
2025-04-21,Electronics,Smartphone Pro X1,Chattogram,SME,Distributor,28,250000
2025-04-21,Industrial,Machine Tool MT1,Dhaka,Government,Distributor,9,250000
2025-04-21,Electronics,Wireless Earbuds E5,Sylhet,SME,Online,36,250000
2025-04-21,FMCG,Cleaning Supplies C4,Khulna,Retail,Distributor,96,25066
2025-04-22,Furniture,Ergonomic Chair C2,Rajshahi,Government,Partner,22,250000
2025-04-24,Furniture,Conference Table T3,Dhaka,SME,Direct,5,250000
2025-04-24,FMCG,Snack Bundle S2,Sylhet,Corporate,Distributor,88,80576
2025-04-24,Furniture,Ergonomic Chair C2,Dhaka,Corporate,Partner,13,250000
2025-04-24,Electronics,Monitor 4K M4,Khulna,Retail,Partner,38,250000
2025-04-25,FMCG,Cleaning Supplies C4,Dhaka,SME,Distributor,200,86539
2025-04-25,Industrial,Machine Tool MT1,Chattogram,Government,Partner,14,250000
2025-04-25,Industrial,Power Generator PG3,Khulna,Retail,Online,6,250000
2025-04-25,FMCG,Snack Bundle S2,Chattogram,Corporate,Direct,200,250000
2025-04-25,Furniture,Storage Cabinet S4,Khulna,SME,Distributor,14,250000
2025-04-26,Furniture,Office Desk D1,Khulna,Corporate,Online,10,250000
2025-04-26,Furniture,Storage Cabinet S4,Rajshahi,Corporate,Distributor,4,250000
2025-04-26,Industrial,Power Generator PG3,Dhaka,Retail,Distributor,10,250000
2025-04-27,Industrial,Machine Tool MT1,Chattogram,SME,Direct,4,250000
2025-04-28,FMCG,Beverage Pack B1,Chattogram,SME,Partner,194,137191
2025-04-28,Furniture,Conference Table T3,Chattogram,Government,Online,16,250000
2025-04-28,Furniture,Ergonomic Chair C2,Khulna,SME,Distributor,22,250000
2025-04-28,Electronics,Laptop Elite L2,Chattogram,SME,Distributor,30,250000
2025-04-29,FMCG,Cleaning Supplies C4,Rajshahi,SME,Online,177,250000
2025-04-29,Electronics,Laptop Elite L2,Khulna,SME,Partner,17,176745
2025-04-29,Electronics,Monitor 4K M4,Chattogram,Retail,Online,51,250000
2025-04-29,Electronics,Monitor 4K M4,Chattogram,Corporate,Online,47,250000
2025-04-30,Furniture,Office Desk D1,Dhaka,SME,Partner,14,250000
2025-04-30,FMCG,Food Items F5,Chattogram,Corporate,Online,177,250000
2025-04-30,Industrial,Power Generator PG3,Sylhet,Government,Distributor,15,250000
2025-04-30,FMCG,Snack Bundle S2,Chattogram,Retail,Distributor,64,73003
2025-04-30,Industrial,Hydraulic Pump HP4,Dhaka,Government,Online,14,250000
2025-05-01,Furniture,Storage Cabinet S4,Rajshahi,Government,Distributor,5,250000
2025-05-01,FMCG,Beverage Pack B1,Chattogram,Corporate,Distributor,200,250000
2025-05-01,FMCG,Cleaning Supplies C4,Dhaka,Retail,Direct,125,50281
2025-05-02,FMCG,Food Items F5,Chattogram,SME,Direct,36,57397
2025-05-02,FMCG,Personal Care P3,Dhaka,Government,Online,107,36865
2025-05-02,FMCG,Cleaning Supplies C4,Chattogram,Government,Partner,163,250000
2025-05-02,Furniture,Office Desk D1,Dhaka,Government,Direct,20,250000
2025-05-03,Industrial,Machine Tool MT1,Dhaka,Corporate,Distributor,5,250000
2025-05-03,Industrial,Machine Tool MT1,Chattogram,Corporate,Distributor,7,250000
2025-05-04,Electronics,Wireless Earbuds E5,Chattogram,SME,Distributor,19,201464
2025-05-05,Furniture,Office Desk D1,Dhaka,Government,Distributor,5,250000
2025-05-05,Furniture,Office Desk D1,Sylhet,Government,Online,4,250000
2025-05-05,Industrial,Machine Tool MT1,Khulna,SME,Partner,13,250000
2025-05-06,Furniture,Office Desk D1,Dhaka,Corporate,Distributor,25,250000
2025-05-06,Industrial,Conveyor Belt CB2,Dhaka,Government,Distributor,2,250000
2025-05-06,Industrial,Power Generator PG3,Chattogram,Government,Direct,3,250000
2025-05-06,FMCG,Food Items F5,Sylhet,Corporate,Direct,71,118894
2025-05-07,FMCG,Cleaning Supplies C4,Dhaka,Government,Online,34,84741
2025-05-08,Furniture,Conference Table T3,Khulna,Government,Direct,18,250000
2025-05-08,Industrial,Power Generator PG3,Dhaka,Retail,Direct,2,250000
2025-05-08,Industrial,Conveyor Belt CB2,Dhaka,Government,Online,11,250000
2025-05-09,FMCG,Snack Bundle S2,Khulna,Retail,Direct,83,176254
2025-05-09,Electronics,Monitor 4K M4,Rajshahi,Retail,Distributor,37,250000
2025-05-09,FMCG,Food Items F5,Dhaka,Retail,Partner,46,39035
2025-05-10,Furniture,Storage Cabinet S4,Dhaka,Corporate,Online,3,250000
2025-05-10,Electronics,Wireless Earbuds E5,Chattogram,Government,Online,30,250000
2025-05-10,Industrial,Power Generator PG3,Khulna,Government,Partner,13,250000
2025-05-10,FMCG,Cleaning Supplies C4,Rajshahi,Government,Partner,89,189731
2025-05-11,Industrial,Power Generator PG3,Chattogram,Government,Distributor,4,250000
2025-05-11,Electronics,Wireless Earbuds E5,Dhaka,SME,Direct,17,210444
2025-05-11,FMCG,Food Items F5,Chattogram,Corporate,Direct,96,124819
2025-05-12,Furniture,Ergonomic Chair C2,Dhaka,SME,Direct,16,250000
2025-05-12,FMCG,Cleaning Supplies C4,Dhaka,Retail,Online,120,20955
2025-05-12,Electronics,Smartphone Pro X1,Sylhet,SME,Distributor,38,250000
2025-05-12,Furniture,Office Desk D1,Khulna,Government,Direct,19,250000
2025-05-13,FMCG,Food Items F5,Khulna,Corporate,Direct,152,250000
2025-05-13,Electronics,Laptop Elite L2,Chattogram,Government,Direct,40,250000
2025-05-13,Industrial,Power Generator PG3,Dhaka,Government,Online,2,250000
2025-05-13,Industrial,Conveyor Belt CB2,Khulna,Corporate,Direct,6,250000
2025-05-13,Electronics,Smartphone Pro X1,Khulna,Government,Distributor,28,250000
2025-05-14,FMCG,Snack Bundle S2,Sylhet,Government,Online,168,40631
2025-05-14,FMCG,Snack Bundle S2,Rajshahi,Retail,Direct,40,36526
2025-05-14,FMCG,Beverage Pack B1,Chattogram,Retail,Distributor,172,20212
2025-05-15,Furniture,Ergonomic Chair C2,Chattogram,SME,Distributor,23,250000
2025-05-15,Industrial,Machine Tool MT1,Dhaka,Retail,Direct,15,250000
2025-05-15,Electronics,Smartphone Pro X1,Chattogram,SME,Online,38,250000
2025-05-15,Industrial,Conveyor Belt CB2,Sylhet,Retail,Partner,8,250000
2025-05-15,Industrial,Machine Tool MT1,Dhaka,SME,Distributor,9,250000
2025-05-16,FMCG,Personal Care P3,Dhaka,SME,Partner,200,209541
2025-05-16,Electronics,Wireless Earbuds E5,Sylhet,Corporate,Direct,39,250000
2025-05-17,Furniture,Storage Cabinet S4,Dhaka,Corporate,Distributor,9,250000
2025-05-17,Furniture,Ergonomic Chair C2,Khulna,Corporate,Partner,7,250000
2025-05-17,Furniture,Ergonomic Chair C2,Chattogram,Retail,Direct,4,158923
2025-05-17,Industrial,Hydraulic Pump HP4,Chattogram,SME,Direct,2,250000
2025-05-18,FMCG,Food Items F5,Khulna,Corporate,Online,54,132538
2025-05-18,Industrial,Conveyor Belt CB2,Chattogram,Government,Online,3,250000
2025-05-19,Furniture,Ergonomic Chair C2,Dhaka,Retail,Distributor,1,132871
2025-05-19,Furniture,Ergonomic Chair C2,Dhaka,Government,Partner,20,250000
2025-05-19,Industrial,Hydraulic Pump HP4,Rajshahi,Government,Online,2,250000
2025-05-19,Electronics,Wireless Earbuds E5,Dhaka,Government,Partner,15,200098
2025-05-20,Electronics,Wireless Earbuds E5,Chattogram,Retail,Direct,46,250000
2025-05-20,FMCG,Cleaning Supplies C4,Dhaka,SME,Online,42,100998
2025-05-20,Industrial,Machine Tool MT1,Khulna,Retail,Direct,11,250000
2025-05-20,Industrial,Machine Tool MT1,Dhaka,Corporate,Partner,2,250000
2025-05-20,Furniture,Office Desk D1,Dhaka,Government,Online,3,250000
2025-05-20,Furniture,Storage Cabinet S4,Khulna,Retail,Online,13,250000
2025-05-20,Furniture,Ergonomic Chair C2,Dhaka,Retail,Distributor,12,250000
2025-05-20,Furniture,Ergonomic Chair C2,Dhaka,SME,Direct,19,250000
2025-05-21,Industrial,Conveyor Belt CB2,Dhaka,Government,Distributor,9,250000
2025-05-21,FMCG,Food Items F5,Khulna,Corporate,Direct,67,18676
2025-05-22,Electronics,Wireless Earbuds E5,Rajshahi,SME,Distributor,17,99939
2025-05-22,Furniture,Conference Table T3,Khulna,Corporate,Partner,21,250000
2025-05-23,FMCG,Personal Care P3,Chattogram,Government,Partner,154,250000
2025-05-23,Electronics,Tablet Ultra T3,Chattogram,Government,Distributor,27,250000
2025-05-23,Electronics,Monitor 4K M4,Khulna,SME,Distributor,34,250000
2025-05-25,FMCG,Snack Bundle S2,Khulna,Government,Distributor,133,250000
2025-05-25,Furniture,Conference Table T3,Sylhet,Retail,Direct,10,250000
2025-05-26,Furniture,Storage Cabinet S4,Chattogram,SME,Distributor,7,250000
2025-05-26,FMCG,Beverage Pack B1,Chattogram,SME,Online,52,119694
2025-05-26,Electronics,Laptop Elite L2,Dhaka,SME,Partner,50,250000
2025-05-26,Industrial,Conveyor Belt CB2,Khulna,SME,Distributor,14,250000
2025-05-26,FMCG,Food Items F5,Khulna,SME,Online,25,19633
2025-05-26,FMCG,Beverage Pack B1,Sylhet,SME,Partner,119,152969
2025-05-27,Industrial,Conveyor Belt CB2,Khulna,SME,Online,6,250000
2025-05-27,Furniture,Conference Table T3,Chattogram,SME,Direct,12,250000
2025-05-27,Furniture,Office Desk D1,Chattogram,Retail,Online,20,250000
2025-05-28,FMCG,Personal Care P3,Dhaka,Retail,Partner,200,250000
2025-05-28,Electronics,Monitor 4K M4,Chattogram,Retail,Direct,14,250000
2025-05-29,FMCG,Cleaning Supplies C4,Rajshahi,Retail,Distributor,200,250000
2025-05-29,FMCG,Snack Bundle S2,Chattogram,Corporate,Direct,190,238396
2025-05-29,FMCG,Snack Bundle S2,Dhaka,Retail,Direct,200,250000
2025-05-29,FMCG,Food Items F5,Chattogram,Corporate,Partner,105,222969
2025-05-29,FMCG,Food Items F5,Chattogram,Corporate,Direct,200,50358
2025-05-30,Industrial,Hydraulic Pump HP4,Dhaka,Government,Online,5,250000
2025-05-30,Electronics,Monitor 4K M4,Khulna,Retail,Partner,42,250000
2025-05-30,Industrial,Hydraulic Pump HP4,Dhaka,Corporate,Direct,17,250000
2025-05-30,Furniture,Conference Table T3,Rajshahi,SME,Distributor,1,51592
2025-05-31,Industrial,Conveyor Belt CB2,Dhaka,SME,Online,2,250000
2025-05-31,Electronics,Tablet Ultra T3,Khulna,Retail,Online,34,250000
2025-05-31,Furniture,Ergonomic Chair C2,Sylhet,Government,Direct,5,250000
2025-05-31,FMCG,Food Items F5,Khulna,Corporate,Online,32,96366
2025-05-31,Industrial,Machine Tool MT1,Khulna,Government,Distributor,1,250000
2025-06-01,Electronics,Wireless Earbuds E5,Dhaka,Government,Distributor,9,96096
2025-06-01,Electronics,Laptop Elite L2,Khulna,Government,Distributor,26,250000
2025-06-01,FMCG,Personal Care P3,Khulna,SME,Partner,98,250000
2025-06-01,Electronics,Wireless Earbuds E5,Dhaka,Government,Partner,26,192274
2025-06-01,Electronics,Smartphone Pro X1,Khulna,SME,Direct,21,124180
2025-06-01,Industrial,Power Generator PG3,Khulna,Government,Distributor,5,250000
2025-06-03,Furniture,Storage Cabinet S4,Rajshahi,SME,Partner,6,250000
2025-06-03,Furniture,Office Desk D1,Dhaka,Retail,Direct,22,250000
2025-06-03,Furniture,Storage Cabinet S4,Rajshahi,Government,Online,20,250000
2025-06-03,Industrial,Power Generator PG3,Dhaka,Government,Online,15,250000
2025-06-04,FMCG,Cleaning Supplies C4,Sylhet,SME,Direct,36,76247
2025-06-04,Industrial,Machine Tool MT1,Dhaka,SME,Distributor,1,250000
2025-06-04,Industrial,Machine Tool MT1,Khulna,SME,Online,18,250000
2025-06-05,Industrial,Hydraulic Pump HP4,Khulna,SME,Distributor,15,250000
2025-06-05,FMCG,Food Items F5,Dhaka,Government,Online,200,65472
2025-06-06,Electronics,Tablet Ultra T3,Chattogram,Corporate,Distributor,31,250000
2025-06-06,FMCG,Beverage Pack B1,Khulna,Corporate,Partner,74,184471
2025-06-06,FMCG,Snack Bundle S2,Chattogram,Retail,Distributor,50,27765
2025-06-06,Industrial,Hydraulic Pump HP4,Rajshahi,Corporate,Online,14,250000
2025-06-06,FMCG,Beverage Pack B1,Khulna,Retail,Direct,165,235694
2025-06-06,Furniture,Storage Cabinet S4,Khulna,Government,Distributor,4,250000
2025-06-07,Industrial,Hydraulic Pump HP4,Khulna,Retail,Direct,7,250000
2025-06-07,FMCG,Personal Care P3,Dhaka,Retail,Direct,172,225985
2025-06-07,Furniture,Ergonomic Chair C2,Chattogram,Corporate,Distributor,1,36350
2025-06-07,Electronics,Wireless Earbuds E5,Dhaka,Government,Distributor,27,250000
2025-06-08,Electronics,Smartphone Pro X1,Sylhet,Corporate,Partner,37,250000
2025-06-09,Furniture,Storage Cabinet S4,Khulna,Corporate,Partner,6,250000
2025-06-09,Electronics,Monitor 4K M4,Sylhet,SME,Online,34,250000
2025-06-09,Electronics,Monitor 4K M4,Chattogram,Retail,Direct,29,250000
2025-06-09,Furniture,Storage Cabinet S4,Dhaka,Government,Direct,25,250000
2025-06-09,Industrial,Power Generator PG3,Dhaka,Retail,Direct,15,250000
2025-06-10,Industrial,Conveyor Belt CB2,Khulna,Retail,Partner,14,250000
2025-06-10,Industrial,Machine Tool MT1,Chattogram,Government,Distributor,7,250000
2025-06-11,Industrial,Machine Tool MT1,Khulna,SME,Distributor,6,250000
2025-06-11,Electronics,Tablet Ultra T3,Chattogram,SME,Direct,50,250000
2025-06-11,Furniture,Office Desk D1,Sylhet,Corporate,Direct,15,250000
2025-06-11,Electronics,Monitor 4K M4,Khulna,Corporate,Direct,13,250000
2025-06-11,Industrial,Machine Tool MT1,Rajshahi,SME,Distributor,17,250000
2025-06-11,FMCG,Beverage Pack B1,Chattogram,Retail,Distributor,96,231389
2025-06-11,Furniture,Ergonomic Chair C2,Sylhet,Retail,Online,20,250000
2025-06-12,Electronics,Laptop Elite L2,Khulna,Corporate,Direct,68,250000
2025-06-12,Electronics,Monitor 4K M4,Khulna,Retail,Partner,19,169035
2025-06-12,Furniture,Office Desk D1,Rajshahi,Government,Distributor,17,250000
2025-06-13,Furniture,Conference Table T3,Rajshahi,Corporate,Online,22,250000
2025-06-13,Furniture,Storage Cabinet S4,Dhaka,SME,Online,18,250000
2025-06-13,Electronics,Wireless Earbuds E5,Chattogram,Corporate,Direct,49,250000
2025-06-14,Electronics,Wireless Earbuds E5,Rajshahi,Government,Online,36,250000
2025-06-14,FMCG,Food Items F5,Chattogram,Corporate,Partner,155,250000
2025-06-14,Industrial,Machine Tool MT1,Khulna,SME,Distributor,1,197100
2025-06-14,Electronics,Wireless Earbuds E5,Chattogram,Corporate,Distributor,43,250000
2025-06-15,Electronics,Laptop Elite L2,Khulna,Government,Distributor,15,250000
2025-06-15,FMCG,Personal Care P3,Dhaka,SME,Distributor,113,21279
2025-06-15,Furniture,Ergonomic Chair C2,Rajshahi,Government,Distributor,2,250000
2025-06-15,FMCG,Cleaning Supplies C4,Dhaka,SME,Direct,39,44957
2025-06-16,Industrial,Conveyor Belt CB2,Chattogram,Corporate,Direct,11,250000
2025-06-16,Furniture,Storage Cabinet S4,Dhaka,SME,Direct,7,250000
2025-06-16,FMCG,Snack Bundle S2,Dhaka,Retail,Direct,62,104354
2025-06-16,FMCG,Snack Bundle S2,Rajshahi,Corporate,Online,200,250000
2025-06-17,Furniture,Office Desk D1,Chattogram,Government,Partner,7,250000
2025-06-17,Electronics,Monitor 4K M4,Khulna,Corporate,Direct,52,250000
2025-06-17,Furniture,Office Desk D1,Chattogram,Retail,Direct,20,250000
2025-06-18,Industrial,Machine Tool MT1,Chattogram,Corporate,Direct,15,250000
2025-06-18,Furniture,Ergonomic Chair C2,Chattogram,Corporate,Online,2,162047
2025-06-18,Industrial,Machine Tool MT1,Sylhet,Government,Online,19,250000
2025-06-19,Industrial,Machine Tool MT1,Rajshahi,Retail,Distributor,13,250000
2025-06-19,FMCG,Food Items F5,Chattogram,Corporate,Online,53,136376
2025-06-19,Electronics,Wireless Earbuds E5,Sylhet,SME,Partner,20,250000
2025-06-19,FMCG,Personal Care P3,Dhaka,Retail,Online,100,57811
2025-06-19,Electronics,Monitor 4K M4,Khulna,Corporate,Online,29,250000
2025-06-19,Industrial,Power Generator PG3,Dhaka,SME,Distributor,9,250000
2025-06-20,FMCG,Cleaning Supplies C4,Khulna,Retail,Direct,171,53347
2025-06-20,FMCG,Beverage Pack B1,Dhaka,SME,Direct,75,123664
2025-06-20,Electronics,Tablet Ultra T3,Chattogram,Corporate,Distributor,41,250000
2025-06-21,Furniture,Office Desk D1,Dhaka,Corporate,Partner,16,250000
2025-06-21,FMCG,Cleaning Supplies C4,Khulna,Government,Distributor,154,94862
2025-06-21,FMCG,Snack Bundle S2,Chattogram,SME,Online,27,15316
2025-06-21,Furniture,Ergonomic Chair C2,Khulna,SME,Direct,3,250000
2025-06-21,FMCG,Food Items F5,Dhaka,SME,Distributor,73,143654
2025-06-22,FMCG,Snack Bundle S2,Chattogram,Corporate,Distributor,39,6095
2025-06-22,Furniture,Storage Cabinet S4,Sylhet,Corporate,Direct,13,250000
2025-06-22,Industrial,Power Generator PG3,Sylhet,Corporate,Online,8,250000
2025-06-22,Industrial,Machine Tool MT1,Dhaka,Retail,Distributor,3,250000
2025-06-22,Electronics,Tablet Ultra T3,Dhaka,Corporate,Online,19,250000
2025-06-23,Industrial,Machine Tool MT1,Sylhet,Government,Direct,6,250000
2025-06-23,FMCG,Cleaning Supplies C4,Dhaka,Government,Distributor,170,16516
2025-06-24,Industrial,Machine Tool MT1,Dhaka,Government,Online,9,250000
2025-06-24,Industrial,Hydraulic Pump HP4,Dhaka,Retail,Direct,6,250000
2025-06-24,FMCG,Beverage Pack B1,Sylhet,Government,Direct,177,250000
2025-06-25,Industrial,Conveyor Belt CB2,Dhaka,Government,Direct,9,250000
2025-06-25,FMCG,Cleaning Supplies C4,Khulna,Government,Direct,29,17498
2025-06-26,Industrial,Machine Tool MT1,Khulna,SME,Distributor,8,250000
2025-06-26,FMCG,Cleaning Supplies C4,Sylhet,Retail,Online,140,250000
2025-06-26,FMCG,Cleaning Supplies C4,Sylhet,Retail,Distributor,200,25368
2025-06-26,Electronics,Laptop Elite L2,Chattogram,Corporate,Distributor,16,233507
2025-06-27,FMCG,Beverage Pack B1,Dhaka,Retail,Distributor,200,171541
2025-06-27,Furniture,Conference Table T3,Rajshahi,SME,Direct,13,250000
2025-06-27,Furniture,Office Desk D1,Dhaka,SME,Distributor,20,250000
2025-06-27,Electronics,Laptop Elite L2,Dhaka,Corporate,Partner,65,250000
2025-06-28,Electronics,Monitor 4K M4,Chattogram,Retail,Direct,14,89971
2025-06-28,FMCG,Snack Bundle S2,Rajshahi,SME,Direct,80,13497
2025-06-28,Furniture,Ergonomic Chair C2,Khulna,SME,Direct,4,229281
2025-06-28,Electronics,Smartphone Pro X1,Dhaka,Government,Online,12,136271
2025-06-29,Electronics,Monitor 4K M4,Dhaka,SME,Direct,23,250000
2025-06-30,Electronics,Wireless Earbuds E5,Dhaka,Corporate,Direct,45,250000
2025-06-30,FMCG,Food Items F5,Chattogram,Corporate,Partner,200,215894
2025-06-30,Electronics,Wireless Earbuds E5,Dhaka,Corporate,Partner,29,250000
2025-07-01,Electronics,Laptop Elite L2,Sylhet,Government,Distributor,63,250000
2025-07-01,Furniture,Conference Table T3,Sylhet,Government,Direct,9,250000
2025-07-02,Electronics,Monitor 4K M4,Dhaka,Corporate,Distributor,47,250000
2025-07-03,Electronics,Tablet Ultra T3,Chattogram,Government,Direct,62,250000
2025-07-04,Industrial,Conveyor Belt CB2,Khulna,SME,Partner,7,250000
2025-07-04,Industrial,Power Generator PG3,Dhaka,Government,Online,8,250000
2025-07-04,Electronics,Laptop Elite L2,Chattogram,Retail,Online,21,143302
2025-07-05,Furniture,Storage Cabinet S4,Dhaka,Government,Online,8,250000
2025-07-05,Industrial,Power Generator PG3,Chattogram,Government,Partner,6,250000
2025-07-05,Electronics,Tablet Ultra T3,Chattogram,Corporate,Online,13,88036
2025-07-05,Electronics,Monitor 4K M4,Khulna,Corporate,Distributor,25,238700
2025-07-05,Electronics,Wireless Earbuds E5,Rajshahi,Government,Direct,35,250000
2025-07-05,Electronics,Smartphone Pro X1,Sylhet,Retail,Distributor,22,250000
2025-07-06,Furniture,Conference Table T3,Rajshahi,Corporate,Distributor,2,250000
2025-07-07,Electronics,Wireless Earbuds E5,Khulna,Government,Distributor,23,250000
2025-07-07,Industrial,Power Generator PG3,Rajshahi,SME,Distributor,1,234768
2025-07-08,FMCG,Food Items F5,Dhaka,SME,Distributor,175,220876
2025-07-09,Electronics,Laptop Elite L2,Dhaka,SME,Online,17,221596
2025-07-09,FMCG,Beverage Pack B1,Chattogram,Government,Online,166,152712
2025-07-09,Electronics,Tablet Ultra T3,Chattogram,Government,Distributor,20,250000
2025-07-10,FMCG,Cleaning Supplies C4,Chattogram,SME,Direct,106,149813
2025-07-12,Electronics,Wireless Earbuds E5,Dhaka,SME,Direct,41,250000
2025-07-13,Electronics,Wireless Earbuds E5,Dhaka,SME,Direct,34,250000
2025-07-13,Electronics,Tablet Ultra T3,Chattogram,SME,Distributor,29,250000
2025-07-13,Industrial,Conveyor Belt CB2,Rajshahi,Corporate,Online,1,155444
2025-07-13,Industrial,Machine Tool MT1,Chattogram,SME,Distributor,2,250000
2025-07-14,Industrial,Hydraulic Pump HP4,Chattogram,Retail,Online,3,250000
2025-07-14,Furniture,Conference Table T3,Khulna,Corporate,Distributor,3,250000
2025-07-14,FMCG,Cleaning Supplies C4,Chattogram,Government,Distributor,32,25391
2025-07-14,FMCG,Personal Care P3,Khulna,Corporate,Online,8,22869
2025-07-14,Electronics,Tablet Ultra T3,Khulna,Retail,Partner,40,250000
2025-07-15,Industrial,Conveyor Belt CB2,Dhaka,Retail,Distributor,18,250000
2025-07-16,FMCG,Cleaning Supplies C4,Rajshahi,Corporate,Online,37,41538
2025-07-16,Furniture,Storage Cabinet S4,Dhaka,Retail,Direct,11,250000
2025-07-16,Electronics,Monitor 4K M4,Chattogram,Retail,Distributor,46,250000
2025-07-16,Furniture,Conference Table T3,Chattogram,SME,Partner,1,250000
2025-07-16,Electronics,Laptop Elite L2,Dhaka,Government,Distributor,49,250000
2025-07-17,Industrial,Hydraulic Pump HP4,Dhaka,Government,Partner,20,250000
2025-07-17,Furniture,Conference Table T3,Dhaka,Corporate,Partner,12,250000
2025-07-17,Electronics,Monitor 4K M4,Chattogram,Government,Partner,39,250000
2025-07-17,Electronics,Laptop Elite L2,Khulna,Retail,Distributor,56,250000
2025-07-17,Industrial,Machine Tool MT1,Rajshahi,Corporate,Online,3,250000
2025-07-18,FMCG,Personal Care P3,Khulna,Retail,Direct,172,250000
2025-07-19,Furniture,Storage Cabinet S4,Rajshahi,SME,Distributor,4,250000
2025-07-19,FMCG,Personal Care P3,Dhaka,Government,Distributor,124,177511
2025-07-20,Furniture,Office Desk D1,Sylhet,Corporate,Partner,10,250000
2025-07-21,Electronics,Monitor 4K M4,Khulna,SME,Direct,34,250000
2025-07-21,Industrial,Hydraulic Pump HP4,Rajshahi,Government,Direct,14,250000
2025-07-21,FMCG,Personal Care P3,Khulna,Government,Direct,88,180730
2025-07-21,Furniture,Storage Cabinet S4,Dhaka,Corporate,Direct,10,250000
2025-07-22,FMCG,Food Items F5,Khulna,Government,Direct,192,105352
2025-07-22,Industrial,Conveyor Belt CB2,Khulna,Government,Online,5,250000
2025-07-22,FMCG,Snack Bundle S2,Chattogram,SME,Partner,200,250000
2025-07-22,Electronics,Tablet Ultra T3,Chattogram,Government,Distributor,48,250000
2025-07-22,Electronics,Wireless Earbuds E5,Dhaka,Corporate,Distributor,42,250000
2025-07-22,Industrial,Conveyor Belt CB2,Dhaka,SME,Direct,3,250000
2025-07-22,FMCG,Cleaning Supplies C4,Dhaka,SME,Online,123,192789
2025-07-23,FMCG,Cleaning Supplies C4,Rajshahi,Corporate,Online,200,250000
2025-07-23,Furniture,Office Desk D1,Dhaka,Retail,Distributor,8,250000
2025-07-23,Industrial,Machine Tool MT1,Chattogram,Government,Distributor,1,250000
2025-07-23,FMCG,Snack Bundle S2,Rajshahi,SME,Online,200,250000
2025-07-23,Electronics,Wireless Earbuds E5,Rajshahi,Corporate,Distributor,16,233137
2025-07-24,FMCG,Beverage Pack B1,Dhaka,Retail,Distributor,200,91790
2025-07-24,Electronics,Monitor 4K M4,Rajshahi,Government,Distributor,33,250000
2025-07-24,Electronics,Wireless Earbuds E5,Sylhet,SME,Partner,49,250000
2025-07-24,FMCG,Personal Care P3,Rajshahi,Retail,Distributor,195,238876
2025-07-24,Furniture,Storage Cabinet S4,Dhaka,Corporate,Direct,16,250000
2025-07-25,Furniture,Office Desk D1,Dhaka,Government,Online,13,250000
2025-07-25,FMCG,Food Items F5,Dhaka,Government,Partner,193,192747
2025-07-26,Industrial,Power Generator PG3,Khulna,Government,Online,1,174416
2025-07-26,Furniture,Ergonomic Chair C2,Sylhet,Retail,Direct,10,250000
2025-07-27,Furniture,Ergonomic Chair C2,Khulna,SME,Partner,10,250000
2025-07-27,Electronics,Smartphone Pro X1,Chattogram,Government,Distributor,29,250000
2025-07-27,FMCG,Personal Care P3,Khulna,Retail,Direct,127,193995
2025-07-27,Industrial,Machine Tool MT1,Dhaka,SME,Distributor,8,250000
2025-07-27,FMCG,Personal Care P3,Sylhet,Corporate,Direct,28,88185
2025-07-27,Electronics,Monitor 4K M4,Chattogram,Retail,Distributor,6,68585
2025-07-30,Industrial,Hydraulic Pump HP4,Chattogram,SME,Online,13,250000
2025-07-30,Furniture,Office Desk D1,Dhaka,Retail,Online,9,250000
2025-07-30,Furniture,Storage Cabinet S4,Rajshahi,Corporate,Direct,17,250000
2025-07-30,Furniture,Ergonomic Chair C2,Khulna,Government,Partner,20,250000
2025-07-30,Furniture,Conference Table T3,Khulna,Government,Direct,1,84089
2025-07-30,Industrial,Hydraulic Pump HP4,Khulna,SME,Direct,8,250000
2025-07-31,Industrial,Conveyor Belt CB2,Khulna,Retail,Distributor,6,250000
2025-07-31,Industrial,Hydraulic Pump HP4,Dhaka,SME,Distributor,9,250000
2025-07-31,Industrial,Power Generator PG3,Chattogram,Corporate,Online,12,250000
2025-07-31,Industrial,Conveyor Belt CB2,Rajshahi,Government,Partner,17,250000
2025-08-01,Furniture,Ergonomic Chair C2,Dhaka,Retail,Online,5,250000
2025-08-01,Electronics,Monitor 4K M4,Sylhet,Government,Distributor,25,250000
2025-08-02,FMCG,Personal Care P3,Khulna,Corporate,Partner,121,22362
2025-08-03,Electronics,Wireless Earbuds E5,Dhaka,Corporate,Distributor,25,250000
2025-08-03,FMCG,Snack Bundle S2,Rajshahi,Retail,Online,94,156259
2025-08-03,Electronics,Wireless Earbuds E5,Khulna,Retail,Partner,8,141577
2025-08-03,Furniture,Conference Table T3,Dhaka,SME,Online,11,250000
2025-08-03,FMCG,Personal Care P3,Rajshahi,Retail,Partner,87,137522
2025-08-03,Industrial,Power Generator PG3,Dhaka,Corporate,Direct,4,250000
2025-08-04,Furniture,Storage Cabinet S4,Rajshahi,Corporate,Partner,15,250000
2025-08-04,FMCG,Beverage Pack B1,Chattogram,Retail,Online,163,42621
2025-08-04,Furniture,Storage Cabinet S4,Dhaka,Retail,Online,5,250000
2025-08-05,FMCG,Cleaning Supplies C4,Chattogram,SME,Online,117,127414
2025-08-05,Furniture,Storage Cabinet S4,Chattogram,Corporate,Partner,25,250000
2025-08-05,Industrial,Conveyor Belt CB2,Rajshahi,Retail,Direct,7,250000
2025-08-05,Furniture,Conference Table T3,Dhaka,SME,Distributor,8,250000
2025-08-05,FMCG,Snack Bundle S2,Rajshahi,SME,Online,184,77054
2025-08-06,FMCG,Food Items F5,Chattogram,Retail,Online,62,89288
2025-08-06,Industrial,Power Generator PG3,Sylhet,Corporate,Distributor,6,250000
2025-08-06,Furniture,Office Desk D1,Chattogram,Corporate,Partner,14,250000
2025-08-06,Industrial,Machine Tool MT1,Dhaka,Government,Partner,9,250000
2025-08-06,Industrial,Hydraulic Pump HP4,Rajshahi,Government,Online,8,250000
2025-08-06,Furniture,Ergonomic Chair C2,Chattogram,Government,Online,5,250000
2025-08-06,Furniture,Storage Cabinet S4,Chattogram,Corporate,Partner,13,250000
2025-08-06,Electronics,Tablet Ultra T3,Khulna,Retail,Distributor,19,250000
2025-08-06,FMCG,Cleaning Supplies C4,Dhaka,Corporate,Direct,200,250000
2025-08-07,FMCG,Snack Bundle S2,Dhaka,Government,Direct,200,250000
2025-08-07,Industrial,Power Generator PG3,Khulna,SME,Online,8,250000
2025-08-07,Industrial,Hydraulic Pump HP4,Khulna,Corporate,Partner,6,250000
2025-08-07,Industrial,Hydraulic Pump HP4,Dhaka,Government,Distributor,1,250000
2025-08-08,Furniture,Office Desk D1,Khulna,SME,Online,3,250000
2025-08-09,Electronics,Wireless Earbuds E5,Chattogram,Government,Distributor,8,88821
2025-08-10,Electronics,Tablet Ultra T3,Rajshahi,Corporate,Partner,33,250000
2025-08-10,FMCG,Cleaning Supplies C4,Khulna,Government,Partner,17,24133
2025-08-10,FMCG,Cleaning Supplies C4,Dhaka,Retail,Partner,122,69978
2025-08-10,Electronics,Laptop Elite L2,Chattogram,Government,Online,8,250000
2025-08-11,Electronics,Tablet Ultra T3,Chattogram,SME,Direct,34,250000
2025-08-11,Electronics,Smartphone Pro X1,Dhaka,Corporate,Distributor,53,250000
2025-08-11,FMCG,Cleaning Supplies C4,Khulna,Retail,Distributor,141,250000
2025-08-12,FMCG,Food Items F5,Sylhet,Retail,Direct,190,250000
2025-08-13,Industrial,Hydraulic Pump HP4,Dhaka,Corporate,Online,2,250000
2025-08-13,Furniture,Storage Cabinet S4,Sylhet,Government,Direct,19,250000
2025-08-13,Electronics,Smartphone Pro X1,Sylhet,Government,Direct,33,250000
2025-08-14,Furniture,Conference Table T3,Dhaka,Retail,Distributor,16,250000
2025-08-14,FMCG,Cleaning Supplies C4,Dhaka,SME,Partner,144,250000
2025-08-15,Industrial,Power Generator PG3,Dhaka,SME,Distributor,9,250000
2025-08-15,Furniture,Office Desk D1,Khulna,Retail,Partner,6,250000
2025-08-15,Industrial,Hydraulic Pump HP4,Chattogram,Retail,Distributor,15,250000
2025-08-15,Industrial,Power Generator PG3,Chattogram,Retail,Direct,5,250000
2025-08-15,Electronics,Tablet Ultra T3,Khulna,SME,Direct,54,250000
2025-08-16,Furniture,Storage Cabinet S4,Sylhet,Retail,Direct,16,250000
2025-08-16,Industrial,Machine Tool MT1,Rajshahi,Government,Direct,3,250000
2025-08-16,Furniture,Office Desk D1,Khulna,Retail,Direct,15,250000
2025-08-16,FMCG,Snack Bundle S2,Rajshahi,Retail,Partner,153,250000
2025-08-17,Industrial,Machine Tool MT1,Sylhet,Retail,Partner,3,250000
2025-08-17,Electronics,Wireless Earbuds E5,Chattogram,SME,Distributor,7,189749
2025-08-17,Industrial,Hydraulic Pump HP4,Chattogram,Government,Direct,1,250000
2025-08-18,Furniture,Storage Cabinet S4,Sylhet,Corporate,Direct,12,250000
2025-08-18,Electronics,Monitor 4K M4,Chattogram,Retail,Online,53,250000
2025-08-18,Industrial,Conveyor Belt CB2,Sylhet,Retail,Partner,9,250000
2025-08-20,Industrial,Machine Tool MT1,Khulna,Retail,Direct,1,103876
2025-08-20,Electronics,Laptop Elite L2,Dhaka,Government,Direct,69,250000
2025-08-20,Electronics,Wireless Earbuds E5,Dhaka,Government,Distributor,74,250000
2025-08-21,Electronics,Monitor 4K M4,Chattogram,Government,Partner,63,250000
2025-08-21,Electronics,Monitor 4K M4,Chattogram,Corporate,Direct,11,250000
2025-08-22,Furniture,Ergonomic Chair C2,Khulna,SME,Distributor,16,250000
2025-08-22,Electronics,Smartphone Pro X1,Dhaka,Government,Distributor,43,250000
2025-08-23,Furniture,Ergonomic Chair C2,Chattogram,SME,Direct,1,134855
2025-08-23,Electronics,Laptop Elite L2,Chattogram,Retail,Distributor,16,185517
2025-08-24,Electronics,Tablet Ultra T3,Dhaka,Government,Online,34,250000
2025-08-24,FMCG,Food Items F5,Dhaka,SME,Direct,113,19696
2025-08-24,Furniture,Ergonomic Chair C2,Chattogram,Corporate,Direct,6,250000
2025-08-25,Electronics,Tablet Ultra T3,Dhaka,SME,Direct,19,172110
2025-08-25,FMCG,Beverage Pack B1,Sylhet,Corporate,Direct,74,66915
2025-08-25,FMCG,Food Items F5,Dhaka,Corporate,Direct,115,41762
2025-08-25,Industrial,Machine Tool MT1,Chattogram,Corporate,Distributor,4,250000
2025-08-26,Industrial,Machine Tool MT1,Dhaka,Corporate,Online,3,250000
2025-08-26,Industrial,Conveyor Belt CB2,Sylhet,Corporate,Partner,5,250000
2025-08-27,FMCG,Snack Bundle S2,Rajshahi,Government,Direct,52,97050
2025-08-27,Furniture,Storage Cabinet S4,Rajshahi,SME,Distributor,17,250000
2025-08-27,Industrial,Hydraulic Pump HP4,Chattogram,Government,Online,15,250000
2025-08-28,Furniture,Storage Cabinet S4,Rajshahi,Government,Direct,17,250000
2025-08-28,FMCG,Personal Care P3,Khulna,Corporate,Online,110,189990
2025-08-28,Electronics,Monitor 4K M4,Chattogram,SME,Distributor,45,250000
2025-08-29,FMCG,Personal Care P3,Chattogram,Corporate,Distributor,102,218021
2025-08-29,FMCG,Food Items F5,Chattogram,Retail,Online,83,29518
2025-08-29,Furniture,Conference Table T3,Dhaka,SME,Direct,10,250000
2025-08-29,FMCG,Beverage Pack B1,Rajshahi,SME,Partner,138,198667
2025-08-29,Electronics,Monitor 4K M4,Khulna,Corporate,Partner,26,250000
2025-08-29,Furniture,Storage Cabinet S4,Khulna,Government,Distributor,2,250000
2025-08-29,Industrial,Conveyor Belt CB2,Chattogram,Retail,Distributor,11,250000
2025-08-30,Industrial,Power Generator PG3,Chattogram,Government,Distributor,11,250000
2025-08-30,FMCG,Personal Care P3,Khulna,Retail,Partner,48,54164
2025-08-30,Industrial,Hydraulic Pump HP4,Dhaka,Government,Direct,4,250000
2025-08-30,Industrial,Power Generator PG3,Dhaka,Retail,Online,2,248623
2025-08-30,Electronics,Laptop Elite L2,Dhaka,Government,Direct,22,250000
2025-08-31,Electronics,Tablet Ultra T3,Chattogram,Corporate,Distributor,24,250000
2025-08-31,Industrial,Hydraulic Pump HP4,Khulna,Government,Partner,8,250000
2025-08-31,Industrial,Hydraulic Pump HP4,Dhaka,SME,Online,5,250000
2025-08-31,Furniture,Storage Cabinet S4,Dhaka,Government,Online,5,250000
2025-09-01,Industrial,Hydraulic Pump HP4,Chattogram,Retail,Online,4,250000
2025-09-01,FMCG,Cleaning Supplies C4,Khulna,Corporate,Distributor,73,178500
2025-09-01,Furniture,Office Desk D1,Chattogram,Retail,Direct,6,250000
2025-09-01,Electronics,Laptop Elite L2,Sylhet,Government,Partner,50,250000
2025-09-01,Electronics,Wireless Earbuds E5,Rajshahi,SME,Distributor,20,240804
2025-09-02,Electronics,Smartphone Pro X1,Khulna,Government,Distributor,43,250000
2025-09-02,Electronics,Laptop Elite L2,Chattogram,Government,Distributor,16,145820
2025-09-02,Industrial,Conveyor Belt CB2,Chattogram,SME,Partner,2,250000
2025-09-02,Electronics,Wireless Earbuds E5,Khulna,Corporate,Direct,11,250000
2025-09-02,Furniture,Ergonomic Chair C2,Khulna,Corporate,Distributor,2,250000
2025-09-03,Electronics,Monitor 4K M4,Khulna,Government,Direct,13,95292
2025-09-04,Furniture,Conference Table T3,Sylhet,Corporate,Direct,15,250000
2025-09-04,Furniture,Office Desk D1,Dhaka,Retail,Online,6,250000
2025-09-04,FMCG,Personal Care P3,Khulna,Corporate,Online,182,250000
2025-09-04,Furniture,Office Desk D1,Chattogram,Corporate,Direct,11,250000
2025-09-04,Electronics,Tablet Ultra T3,Khulna,SME,Direct,26,250000
2025-09-04,Electronics,Wireless Earbuds E5,Rajshahi,Corporate,Direct,18,250000
2025-09-04,Industrial,Conveyor Belt CB2,Chattogram,SME,Partner,11,250000
2025-09-05,Industrial,Hydraulic Pump HP4,Chattogram,Corporate,Distributor,13,250000
2025-09-06,Electronics,Tablet Ultra T3,Dhaka,Government,Online,47,250000
2025-09-06,FMCG,Snack Bundle S2,Dhaka,Corporate,Online,80,200313
2025-09-06,FMCG,Snack Bundle S2,Dhaka,Retail,Distributor,116,250000
2025-09-06,Furniture,Conference Table T3,Chattogram,Corporate,Distributor,5,250000
2025-09-06,FMCG,Snack Bundle S2,Chattogram,Retail,Direct,110,35337
2025-09-06,Furniture,Ergonomic Chair C2,Dhaka,Corporate,Online,4,250000
2025-09-07,Industrial,Power Generator PG3,Dhaka,Corporate,Direct,1,250000
2025-09-07,Industrial,Conveyor Belt CB2,Dhaka,Government,Direct,3,250000
2025-09-07,Industrial,Hydraulic Pump HP4,Rajshahi,Government,Direct,4,250000
2025-09-07,FMCG,Food Items F5,Chattogram,Corporate,Direct,98,115803
2025-09-08,Industrial,Machine Tool MT1,Chattogram,Government,Direct,17,250000
2025-09-08,FMCG,Cleaning Supplies C4,Chattogram,Government,Partner,139,198198
2025-09-08,Electronics,Monitor 4K M4,Rajshahi,Retail,Distributor,49,250000
2025-09-08,FMCG,Personal Care P3,Chattogram,Government,Online,135,250000
2025-09-08,Industrial,Conveyor Belt CB2,Dhaka,Retail,Partner,5,250000
2025-09-09,Furniture,Conference Table T3,Khulna,Corporate,Direct,25,250000
2025-09-09,Electronics,Smartphone Pro X1,Rajshahi,Government,Distributor,59,250000
2025-09-09,Industrial,Conveyor Belt CB2,Rajshahi,SME,Online,9,250000
2025-09-09,FMCG,Cleaning Supplies C4,Rajshahi,Retail,Direct,194,249510
2025-09-09,Furniture,Storage Cabinet S4,Khulna,Retail,Partner,19,250000
2025-09-09,Industrial,Hydraulic Pump HP4,Khulna,Government,Direct,6,250000
2025-09-10,Furniture,Office Desk D1,Chattogram,Corporate,Direct,1,228301
2025-09-11,Industrial,Hydraulic Pump HP4,Khulna,Retail,Partner,2,250000
2025-09-12,FMCG,Beverage Pack B1,Chattogram,Corporate,Distributor,200,83304
2025-09-12,Electronics,Wireless Earbuds E5,Rajshahi,Retail,Direct,47,239395
2025-09-12,FMCG,Cleaning Supplies C4,Chattogram,SME,Online,114,152856
2025-09-12,FMCG,Snack Bundle S2,Sylhet,Government,Distributor,41,58674
2025-09-12,Electronics,Monitor 4K M4,Rajshahi,Government,Online,20,137538
2025-09-13,FMCG,Snack Bundle S2,Chattogram,Government,Distributor,168,108796
2025-09-13,FMCG,Beverage Pack B1,Khulna,Retail,Partner,82,185078
2025-09-13,Industrial,Machine Tool MT1,Chattogram,Government,Partner,11,250000
2025-09-13,Furniture,Ergonomic Chair C2,Rajshahi,Retail,Direct,2,250000
2025-09-14,Industrial,Conveyor Belt CB2,Rajshahi,Retail,Distributor,5,250000
2025-09-14,Electronics,Smartphone Pro X1,Chattogram,Retail,Direct,20,250000
2025-09-15,FMCG,Cleaning Supplies C4,Sylhet,Retail,Online,163,250000
2025-09-15,FMCG,Snack Bundle S2,Sylhet,Retail,Online,129,250000
2025-09-16,Industrial,Conveyor Belt CB2,Dhaka,Retail,Direct,2,250000
2025-09-16,Furniture,Office Desk D1,Khulna,Corporate,Partner,14,250000
2025-09-17,Furniture,Storage Cabinet S4,Sylhet,SME,Online,6,250000
2025-09-17,Electronics,Monitor 4K M4,Dhaka,Government,Distributor,40,250000
2025-09-17,FMCG,Snack Bundle S2,Khulna,Retail,Online,113,221261
2025-09-18,Industrial,Conveyor Belt CB2,Chattogram,Government,Direct,15,250000
2025-09-18,Furniture,Office Desk D1,Sylhet,Corporate,Partner,14,250000
2025-09-18,Furniture,Office Desk D1,Chattogram,SME,Distributor,17,250000
2025-09-19,FMCG,Personal Care P3,Khulna,Corporate,Online,180,249427
2025-09-20,Electronics,Tablet Ultra T3,Chattogram,Corporate,Online,32,250000
2025-09-20,Furniture,Ergonomic Chair C2,Rajshahi,Corporate,Online,1,120153
2025-09-20,Furniture,Storage Cabinet S4,Sylhet,Government,Online,4,237019
2025-09-20,Furniture,Office Desk D1,Dhaka,SME,Online,3,250000
2025-09-21,Electronics,Laptop Elite L2,Chattogram,SME,Online,14,250000
2025-09-21,Electronics,Monitor 4K M4,Rajshahi,Government,Direct,26,250000
2025-09-22,Electronics,Monitor 4K M4,Khulna,Corporate,Direct,53,250000
2025-09-22,Electronics,Wireless Earbuds E5,Dhaka,Government,Partner,47,250000
2025-09-23,Electronics,Wireless Earbuds E5,Dhaka,Retail,Distributor,59,250000
2025-09-23,Electronics,Laptop Elite L2,Sylhet,Retail,Direct,57,250000
2025-09-23,FMCG,Beverage Pack B1,Dhaka,Corporate,Online,60,114826
2025-09-23,Electronics,Smartphone Pro X1,Chattogram,SME,Partner,24,250000
2025-09-24,Furniture,Conference Table T3,Dhaka,SME,Online,20,250000
2025-09-24,FMCG,Food Items F5,Chattogram,Corporate,Online,200,48566
2025-09-25,FMCG,Snack Bundle S2,Sylhet,Corporate,Online,108,59280
2025-09-26,FMCG,Personal Care P3,Chattogram,Corporate,Distributor,49,47403
2025-09-26,Furniture,Ergonomic Chair C2,Dhaka,SME,Partner,8,250000
2025-09-26,Furniture,Storage Cabinet S4,Rajshahi,SME,Partner,15,250000
2025-09-26,Electronics,Tablet Ultra T3,Dhaka,Retail,Online,42,250000
2025-09-26,FMCG,Personal Care P3,Dhaka,Corporate,Direct,56,88236
2025-09-27,Electronics,Smartphone Pro X1,Dhaka,SME,Online,36,250000
2025-09-27,FMCG,Food Items F5,Dhaka,Retail,Partner,56,65945
2025-09-28,FMCG,Food Items F5,Khulna,Government,Distributor,39,35408
2025-09-28,Furniture,Ergonomic Chair C2,Dhaka,SME,Direct,8,250000
2025-09-28,Industrial,Conveyor Belt CB2,Chattogram,SME,Online,5,250000
2025-09-28,Furniture,Conference Table T3,Khulna,Retail,Partner,9,250000
2025-09-29,Electronics,Laptop Elite L2,Sylhet,Corporate,Online,16,250000
2025-09-29,Electronics,Monitor 4K M4,Khulna,Corporate,Distributor,49,250000
2025-09-29,Electronics,Monitor 4K M4,Dhaka,Corporate,Partner,12,250000
2025-09-29,FMCG,Snack Bundle S2,Sylhet,Retail,Online,70,170110
2025-09-30,Furniture,Ergonomic Chair C2,Dhaka,Corporate,Distributor,1,250000
2025-09-30,Electronics,Tablet Ultra T3,Sylhet,Corporate,Partner,20,250000
2025-10-01,Furniture,Office Desk D1,Khulna,Government,Direct,13,250000
2025-10-01,Industrial,Hydraulic Pump HP4,Dhaka,Retail,Online,7,250000
2025-10-01,Furniture,Storage Cabinet S4,Chattogram,Retail,Distributor,8,250000
2025-10-01,Industrial,Machine Tool MT1,Sylhet,Retail,Direct,12,250000
2025-10-01,FMCG,Personal Care P3,Chattogram,Corporate,Distributor,111,54149
2025-10-02,Industrial,Conveyor Belt CB2,Dhaka,Government,Direct,19,250000
2025-10-02,Furniture,Storage Cabinet S4,Chattogram,SME,Partner,6,250000
2025-10-02,FMCG,Beverage Pack B1,Chattogram,Government,Online,65,83994
2025-10-03,Industrial,Hydraulic Pump HP4,Dhaka,Retail,Online,2,250000
2025-10-03,Furniture,Office Desk D1,Khulna,SME,Distributor,21,250000
2025-10-03,Industrial,Machine Tool MT1,Rajshahi,Corporate,Online,12,250000
2025-10-03,Electronics,Tablet Ultra T3,Sylhet,Corporate,Online,43,250000
2025-10-03,Electronics,Wireless Earbuds E5,Khulna,Corporate,Partner,51,250000
2025-10-03,Furniture,Storage Cabinet S4,Dhaka,Corporate,Partner,16,250000
2025-10-03,Electronics,Monitor 4K M4,Chattogram,SME,Online,25,250000
2025-10-04,Industrial,Machine Tool MT1,Chattogram,SME,Distributor,4,250000
2025-10-05,Furniture,Office Desk D1,Dhaka,SME,Direct,11,250000
2025-10-05,Furniture,Conference Table T3,Sylhet,SME,Distributor,2,160355
2025-10-05,Furniture,Conference Table T3,Chattogram,SME,Online,12,250000
2025-10-06,FMCG,Snack Bundle S2,Khulna,Retail,Partner,55,129157
2025-10-06,Furniture,Ergonomic Chair C2,Khulna,Retail,Direct,19,250000
2025-10-06,Furniture,Ergonomic Chair C2,Dhaka,Corporate,Distributor,10,250000
2025-10-06,Industrial,Machine Tool MT1,Sylhet,Retail,Distributor,8,250000
2025-10-06,FMCG,Snack Bundle S2,Dhaka,Retail,Online,200,168195
2025-10-06,Electronics,Laptop Elite L2,Chattogram,Government,Online,38,250000
2025-10-07,Electronics,Laptop Elite L2,Khulna,Retail,Partner,51,250000
2025-10-08,FMCG,Personal Care P3,Rajshahi,SME,Online,184,79461
2025-10-08,Furniture,Conference Table T3,Dhaka,Corporate,Partner,11,250000
2025-10-08,Furniture,Ergonomic Chair C2,Chattogram,Retail,Online,25,250000
2025-10-08,FMCG,Snack Bundle S2,Chattogram,SME,Distributor,41,91140
2025-10-08,Furniture,Conference Table T3,Dhaka,Retail,Distributor,25,250000
2025-10-08,FMCG,Food Items F5,Khulna,Government,Direct,118,92495
2025-10-09,Industrial,Conveyor Belt CB2,Chattogram,Government,Distributor,17,250000
2025-10-10,Furniture,Ergonomic Chair C2,Dhaka,Government,Partner,5,250000
2025-10-10,Furniture,Storage Cabinet S4,Khulna,Corporate,Direct,3,250000
2025-10-10,Industrial,Machine Tool MT1,Khulna,Corporate,Online,13,250000
2025-10-10,Electronics,Smartphone Pro X1,Rajshahi,Retail,Direct,16,184099
2025-10-10,Electronics,Smartphone Pro X1,Sylhet,Retail,Distributor,32,250000
2025-10-11,Industrial,Conveyor Belt CB2,Chattogram,Government,Direct,1,221785
2025-10-11,Electronics,Smartphone Pro X1,Rajshahi,Retail,Distributor,11,250000
2025-10-11,Electronics,Laptop Elite L2,Dhaka,Government,Distributor,32,250000
2025-10-11,Industrial,Machine Tool MT1,Chattogram,Retail,Direct,3,250000
2025-10-12,FMCG,Beverage Pack B1,Rajshahi,Corporate,Direct,115,145992
2025-10-12,Furniture,Conference Table T3,Khulna,SME,Distributor,2,250000
2025-10-13,FMCG,Beverage Pack B1,Rajshahi,Corporate,Online,64,73685
2025-10-13,Industrial,Machine Tool MT1,Dhaka,Government,Partner,5,250000
2025-10-13,Furniture,Storage Cabinet S4,Chattogram,Government,Distributor,15,250000
2025-10-14,Furniture,Storage Cabinet S4,Chattogram,Government,Distributor,19,250000
2025-10-14,Electronics,Wireless Earbuds E5,Khulna,Corporate,Online,32,250000
2025-10-15,Electronics,Tablet Ultra T3,Khulna,Corporate,Partner,15,246922
2025-10-15,Furniture,Conference Table T3,Chattogram,Government,Direct,8,250000
2025-10-15,Furniture,Storage Cabinet S4,Khulna,Government,Distributor,4,250000
2025-10-15,Furniture,Office Desk D1,Dhaka,Corporate,Direct,3,153606
2025-10-15,Furniture,Ergonomic Chair C2,Chattogram,Corporate,Online,11,250000
2025-10-15,Electronics,Tablet Ultra T3,Dhaka,Retail,Partner,16,250000
2025-10-15,Electronics,Monitor 4K M4,Rajshahi,Government,Online,34,250000
2025-10-16,Industrial,Conveyor Belt CB2,Dhaka,Retail,Distributor,2,250000
2025-10-17,Industrial,Conveyor Belt CB2,Rajshahi,Retail,Partner,8,250000
2025-10-17,Industrial,Conveyor Belt CB2,Dhaka,SME,Online,3,250000
2025-10-17,FMCG,Beverage Pack B1,Dhaka,Corporate,Distributor,47,38009
2025-10-17,FMCG,Snack Bundle S2,Khulna,Retail,Direct,45,87629
2025-10-18,Industrial,Machine Tool MT1,Dhaka,Retail,Partner,1,160357
2025-10-19,Furniture,Conference Table T3,Rajshahi,SME,Partner,2,250000
2025-10-19,Electronics,Wireless Earbuds E5,Rajshahi,Corporate,Direct,24,250000
2025-10-19,FMCG,Snack Bundle S2,Dhaka,Government,Direct,152,64506
2025-10-19,Furniture,Ergonomic Chair C2,Rajshahi,Corporate,Partner,11,250000
2025-10-19,FMCG,Cleaning Supplies C4,Rajshahi,SME,Direct,127,166329
2025-10-20,Industrial,Conveyor Belt CB2,Dhaka,Retail,Partner,11,250000
2025-10-20,Electronics,Laptop Elite L2,Rajshahi,SME,Distributor,15,250000
2025-10-21,FMCG,Snack Bundle S2,Dhaka,SME,Distributor,50,33304
2025-10-21,Industrial,Power Generator PG3,Rajshahi,Government,Online,2,250000
2025-10-21,FMCG,Personal Care P3,Chattogram,Corporate,Distributor,187,250000
2025-10-21,Industrial,Hydraulic Pump HP4,Dhaka,Retail,Online,13,250000
2025-10-22,Electronics,Laptop Elite L2,Rajshahi,SME,Distributor,53,250000
2025-10-22,Industrial,Machine Tool MT1,Chattogram,Government,Online,18,250000
2025-10-22,Electronics,Monitor 4K M4,Rajshahi,Corporate,Distributor,16,249181
2025-10-22,Furniture,Storage Cabinet S4,Dhaka,Government,Direct,5,250000
2025-10-22,Electronics,Wireless Earbuds E5,Rajshahi,Retail,Partner,37,250000
2025-10-22,Furniture,Office Desk D1,Sylhet,Government,Direct,6,250000
2025-10-24,Electronics,Tablet Ultra T3,Rajshahi,Government,Partner,49,250000
2025-10-24,Electronics,Smartphone Pro X1,Rajshahi,Government,Distributor,35,250000
2025-10-25,Industrial,Hydraulic Pump HP4,Chattogram,Corporate,Partner,5,250000
2025-10-25,Electronics,Wireless Earbuds E5,Rajshahi,Corporate,Direct,38,250000
2025-10-25,FMCG,Beverage Pack B1,Dhaka,Government,Partner,153,155666
2025-10-27,Industrial,Power Generator PG3,Chattogram,Retail,Partner,15,250000
2025-10-27,Electronics,Smartphone Pro X1,Dhaka,Corporate,Distributor,55,250000
2025-10-27,Furniture,Ergonomic Chair C2,Sylhet,Retail,Distributor,12,250000
2025-10-28,Electronics,Monitor 4K M4,Khulna,Government,Distributor,40,250000
2025-10-28,FMCG,Beverage Pack B1,Sylhet,Government,Distributor,85,177518
2025-10-29,Industrial,Power Generator PG3,Rajshahi,Government,Online,15,250000
2025-10-29,Electronics,Smartphone Pro X1,Rajshahi,Retail,Direct,12,250000
2025-10-30,Electronics,Monitor 4K M4,Chattogram,Retail,Online,40,250000
2025-10-30,Industrial,Machine Tool MT1,Dhaka,Government,Partner,6,250000
2025-10-30,Industrial,Machine Tool MT1,Sylhet,Corporate,Distributor,5,250000
2025-10-30,Industrial,Conveyor Belt CB2,Dhaka,Government,Direct,1,193072
2025-10-31,FMCG,Personal Care P3,Dhaka,Government,Direct,164,121468
2025-10-31,Electronics,Wireless Earbuds E5,Chattogram,Government,Partner,25,250000
2025-10-31,Industrial,Conveyor Belt CB2,Dhaka,Corporate,Distributor,13,250000
2025-11-01,FMCG,Food Items F5,Dhaka,SME,Direct,42,6508
2025-11-01,Furniture,Office Desk D1,Khulna,Retail,Online,1,73247
2025-11-01,FMCG,Snack Bundle S2,Dhaka,Corporate,Direct,169,184289
2025-11-01,Industrial,Power Generator PG3,Khulna,SME,Direct,2,250000
2025-11-01,Electronics,Smartphone Pro X1,Chattogram,Retail,Direct,23,250000
2025-11-02,Industrial,Power Generator PG3,Sylhet,Corporate,Distributor,4,250000
2025-11-02,Electronics,Laptop Elite L2,Khulna,Government,Partner,39,250000
2025-11-03,Electronics,Laptop Elite L2,Khulna,Retail,Direct,37,250000
2025-11-03,Electronics,Laptop Elite L2,Chattogram,SME,Partner,24,250000
2025-11-03,Furniture,Ergonomic Chair C2,Rajshahi,Retail,Partner,1,153705
2025-11-04,Furniture,Conference Table T3,Dhaka,Corporate,Partner,16,250000
2025-11-04,Industrial,Hydraulic Pump HP4,Chattogram,Government,Partner,6,250000
2025-11-04,FMCG,Cleaning Supplies C4,Dhaka,SME,Direct,112,250000
2025-11-05,Industrial,Power Generator PG3,Rajshahi,Retail,Online,7,250000
2025-11-05,Electronics,Monitor 4K M4,Dhaka,Retail,Partner,37,250000
2025-11-06,FMCG,Cleaning Supplies C4,Dhaka,Corporate,Partner,186,156239
2025-11-06,FMCG,Personal Care P3,Dhaka,SME,Direct,143,250000
2025-11-07,Industrial,Power Generator PG3,Rajshahi,Retail,Distributor,11,250000
2025-11-08,FMCG,Food Items F5,Sylhet,Retail,Online,160,250000
2025-11-08,FMCG,Snack Bundle S2,Dhaka,Government,Distributor,97,163259
2025-11-08,FMCG,Food Items F5,Chattogram,Retail,Direct,167,250000
2025-11-09,FMCG,Snack Bundle S2,Rajshahi,Government,Direct,131,250000
2025-11-09,Electronics,Monitor 4K M4,Dhaka,Government,Online,24,250000
2025-11-09,FMCG,Cleaning Supplies C4,Khulna,Government,Direct,119,250000
2025-11-10,Electronics,Tablet Ultra T3,Sylhet,Retail,Direct,15,90932
2025-11-11,Industrial,Conveyor Belt CB2,Dhaka,Corporate,Online,18,250000
2025-11-11,Electronics,Smartphone Pro X1,Dhaka,Retail,Direct,42,250000
2025-11-11,Industrial,Power Generator PG3,Khulna,Corporate,Online,1,250000
2025-11-11,Industrial,Hydraulic Pump HP4,Khulna,Corporate,Online,13,250000
2025-11-11,Industrial,Conveyor Belt CB2,Dhaka,SME,Online,7,250000
2025-11-11,Furniture,Office Desk D1,Dhaka,Government,Direct,1,177308
2025-11-12,Industrial,Machine Tool MT1,Chattogram,SME,Online,6,250000
2025-11-12,Electronics,Laptop Elite L2,Dhaka,SME,Distributor,57,250000
2025-11-12,Furniture,Office Desk D1,Dhaka,Corporate,Online,27,250000
2025-11-12,Electronics,Smartphone Pro X1,Dhaka,Government,Direct,16,250000
2025-11-12,FMCG,Beverage Pack B1,Sylhet,Retail,Distributor,96,61451
2025-11-12,FMCG,Beverage Pack B1,Chattogram,SME,Direct,200,250000
2025-11-13,FMCG,Snack Bundle S2,Chattogram,SME,Distributor,187,250000
2025-11-13,Furniture,Office Desk D1,Dhaka,Retail,Partner,26,250000
2025-11-13,FMCG,Snack Bundle S2,Rajshahi,Government,Distributor,63,65108
2025-11-14,FMCG,Cleaning Supplies C4,Dhaka,Corporate,Distributor,137,250000
2025-11-14,Electronics,Laptop Elite L2,Chattogram,Government,Online,29,250000
2025-11-14,Furniture,Conference Table T3,Rajshahi,Corporate,Partner,17,250000
2025-11-14,FMCG,Beverage Pack B1,Dhaka,Retail,Online,200,250000
2025-11-14,Industrial,Machine Tool MT1,Dhaka,Retail,Online,4,250000
2025-11-15,Furniture,Office Desk D1,Dhaka,SME,Distributor,10,250000
2025-11-15,FMCG,Cleaning Supplies C4,Dhaka,SME,Distributor,108,221345
2025-11-16,Industrial,Machine Tool MT1,Dhaka,Retail,Direct,3,250000
2025-11-16,Industrial,Machine Tool MT1,Dhaka,Government,Distributor,10,250000
2025-11-16,Electronics,Tablet Ultra T3,Rajshahi,Government,Partner,35,250000
2025-11-17,FMCG,Cleaning Supplies C4,Khulna,SME,Distributor,35,83943
2025-11-17,Electronics,Monitor 4K M4,Rajshahi,SME,Direct,11,250000
2025-11-17,Furniture,Conference Table T3,Khulna,Corporate,Distributor,11,250000
2025-11-18,Electronics,Laptop Elite L2,Dhaka,Retail,Direct,42,250000
2025-11-18,Electronics,Smartphone Pro X1,Dhaka,SME,Partner,63,250000
2025-11-18,Electronics,Tablet Ultra T3,Dhaka,Corporate,Distributor,20,250000
2025-11-18,FMCG,Snack Bundle S2,Rajshahi,Government,Distributor,63,82737
2025-11-19,Furniture,Storage Cabinet S4,Khulna,SME,Partner,5,250000
2025-11-19,Furniture,Conference Table T3,Chattogram,SME,Online,19,250000
2025-11-19,Industrial,Machine Tool MT1,Dhaka,Government,Online,11,250000
2025-11-19,Industrial,Hydraulic Pump HP4,Chattogram,Retail,Partner,8,250000
2025-11-20,FMCG,Snack Bundle S2,Khulna,SME,Direct,191,250000
2025-11-20,Industrial,Conveyor Belt CB2,Chattogram,Retail,Distributor,15,250000
2025-11-20,Electronics,Tablet Ultra T3,Rajshahi,Retail,Distributor,19,250000
2025-11-20,Electronics,Smartphone Pro X1,Khulna,Retail,Online,56,250000
2025-11-20,Furniture,Ergonomic Chair C2,Rajshahi,Corporate,Distributor,12,250000
2025-11-21,Furniture,Office Desk D1,Dhaka,Corporate,Online,3,250000
2025-11-21,Industrial,Machine Tool MT1,Rajshahi,Government,Distributor,17,250000
2025-11-21,Furniture,Ergonomic Chair C2,Rajshahi,SME,Partner,16,250000
2025-11-22,Electronics,Laptop Elite L2,Dhaka,Corporate,Direct,43,250000
2025-11-22,Electronics,Wireless Earbuds E5,Chattogram,SME,Distributor,12,250000
2025-11-22,Electronics,Tablet Ultra T3,Chattogram,Government,Direct,27,219482
2025-11-22,Industrial,Machine Tool MT1,Sylhet,SME,Partner,6,250000
2025-11-22,FMCG,Food Items F5,Rajshahi,Corporate,Distributor,175,250000
2025-11-24,Furniture,Conference Table T3,Khulna,SME,Distributor,5,250000
2025-11-25,Industrial,Machine Tool MT1,Sylhet,Government,Distributor,9,250000
2025-11-25,FMCG,Snack Bundle S2,Khulna,SME,Online,167,47335
2025-11-25,Furniture,Ergonomic Chair C2,Dhaka,Retail,Distributor,24,250000
2025-11-25,Furniture,Office Desk D1,Rajshahi,Corporate,Online,15,250000
2025-11-25,FMCG,Beverage Pack B1,Dhaka,Retail,Distributor,164,250000
2025-11-26,Furniture,Conference Table T3,Dhaka,Government,Distributor,28,250000
2025-11-26,Industrial,Power Generator PG3,Dhaka,Corporate,Distributor,10,250000
2025-11-26,Electronics,Laptop Elite L2,Dhaka,Corporate,Partner,52,250000
2025-11-28,FMCG,Snack Bundle S2,Khulna,Government,Direct,96,250000
2025-11-28,FMCG,Food Items F5,Rajshahi,Corporate,Partner,172,250000
2025-11-28,Electronics,Laptop Elite L2,Rajshahi,SME,Direct,49,250000
2025-11-28,Electronics,Laptop Elite L2,Rajshahi,SME,Partner,28,250000
2025-11-28,Furniture,Conference Table T3,Dhaka,Corporate,Partner,28,250000
2025-11-28,Electronics,Wireless Earbuds E5,Chattogram,SME,Online,13,234125
2025-11-29,Electronics,Laptop Elite L2,Dhaka,SME,Partner,12,166000
2025-11-29,Electronics,Tablet Ultra T3,Sylhet,Government,Online,45,250000
2025-11-29,Furniture,Conference Table T3,Khulna,Retail,Direct,13,250000
2025-11-30,FMCG,Snack Bundle S2,Dhaka,Retail,Direct,59,128881
2025-11-30,Electronics,Wireless Earbuds E5,Chattogram,Government,Online,14,250000
2025-11-30,Electronics,Monitor 4K M4,Dhaka,SME,Distributor,25,250000
2025-12-01,Electronics,Wireless Earbuds E5,Dhaka,Government,Online,66,250000
2025-12-01,Furniture,Office Desk D1,Dhaka,Corporate,Distributor,13,250000
2025-12-02,Furniture,Conference Table T3,Dhaka,Government,Distributor,4,250000
2025-12-02,Furniture,Storage Cabinet S4,Khulna,SME,Partner,9,250000
2025-12-02,FMCG,Snack Bundle S2,Chattogram,SME,Distributor,200,250000
2025-12-02,Industrial,Hydraulic Pump HP4,Dhaka,Corporate,Partner,20,250000
2025-12-02,Furniture,Office Desk D1,Chattogram,Corporate,Direct,8,250000
2025-12-03,Electronics,Smartphone Pro X1,Chattogram,Retail,Direct,63,250000
2025-12-03,Electronics,Tablet Ultra T3,Rajshahi,Government,Distributor,46,250000
2025-12-03,Industrial,Conveyor Belt CB2,Khulna,Retail,Online,1,250000
2025-12-03,FMCG,Personal Care P3,Rajshahi,Corporate,Online,146,250000
2025-12-03,Industrial,Machine Tool MT1,Rajshahi,Government,Partner,20,250000
2025-12-04,Industrial,Hydraulic Pump HP4,Khulna,SME,Direct,8,250000
2025-12-04,Furniture,Office Desk D1,Dhaka,SME,Direct,10,250000
2025-12-04,Electronics,Wireless Earbuds E5,Dhaka,SME,Online,67,250000
2025-12-05,FMCG,Personal Care P3,Rajshahi,Government,Distributor,182,19150
2025-12-06,Industrial,Conveyor Belt CB2,Chattogram,Retail,Direct,7,250000
2025-12-06,Furniture,Conference Table T3,Rajshahi,SME,Direct,12,250000
2025-12-06,Electronics,Laptop Elite L2,Dhaka,Retail,Direct,39,250000
2025-12-07,Furniture,Office Desk D1,Sylhet,SME,Partner,1,121142
2025-12-07,Furniture,Conference Table T3,Dhaka,Government,Direct,2,250000
2025-12-07,Industrial,Machine Tool MT1,Khulna,SME,Direct,3,250000
2025-12-07,Industrial,Power Generator PG3,Chattogram,SME,Online,2,250000
2025-12-08,Electronics,Smartphone Pro X1,Khulna,SME,Distributor,52,250000
2025-12-08,Industrial,Machine Tool MT1,Khulna,Corporate,Distributor,13,250000
2025-12-09,Furniture,Storage Cabinet S4,Chattogram,Retail,Partner,21,250000
2025-12-10,Industrial,Power Generator PG3,Dhaka,SME,Partner,8,250000
2025-12-10,Furniture,Storage Cabinet S4,Chattogram,Retail,Online,18,250000
2025-12-10,Electronics,Tablet Ultra T3,Khulna,Corporate,Distributor,49,250000
2025-12-10,Furniture,Ergonomic Chair C2,Rajshahi,Government,Online,5,250000
2025-12-10,FMCG,Beverage Pack B1,Dhaka,Government,Distributor,96,244611
2025-12-10,Furniture,Ergonomic Chair C2,Rajshahi,Retail,Direct,18,250000
2025-12-11,Industrial,Machine Tool MT1,Dhaka,Retail,Partner,1,240655
2025-12-11,Industrial,Hydraulic Pump HP4,Chattogram,Government,Online,4,250000
2025-12-11,FMCG,Food Items F5,Khulna,Retail,Partner,38,15249
2025-12-11,Industrial,Hydraulic Pump HP4,Khulna,Government,Direct,9,250000
2025-12-11,Electronics,Laptop Elite L2,Rajshahi,SME,Online,46,250000
2025-12-12,FMCG,Beverage Pack B1,Dhaka,Government,Distributor,200,250000
2025-12-12,Industrial,Power Generator PG3,Chattogram,SME,Online,3,250000
2025-12-12,Furniture,Storage Cabinet S4,Chattogram,SME,Direct,11,250000
2025-12-12,Industrial,Conveyor Belt CB2,Rajshahi,SME,Partner,5,250000
2025-12-12,FMCG,Snack Bundle S2,Dhaka,Corporate,Direct,40,107105
2025-12-13,Industrial,Machine Tool MT1,Chattogram,SME,Partner,8,250000
2025-12-13,Industrial,Power Generator PG3,Sylhet,Retail,Distributor,5,250000
2025-12-13,FMCG,Beverage Pack B1,Sylhet,Retail,Online,63,189497
2025-12-13,FMCG,Personal Care P3,Chattogram,Retail,Online,91,19409
2025-12-14,FMCG,Snack Bundle S2,Rajshahi,Retail,Partner,139,12740
2025-12-14,Furniture,Ergonomic Chair C2,Dhaka,Corporate,Distributor,3,250000
2025-12-14,Electronics,Wireless Earbuds E5,Rajshahi,Corporate,Direct,9,250000
2025-12-14,Furniture,Office Desk D1,Chattogram,SME,Online,13,250000
2025-12-15,Furniture,Conference Table T3,Rajshahi,SME,Online,17,250000
2025-12-15,Industrial,Power Generator PG3,Dhaka,Retail,Partner,18,250000
2025-12-15,Furniture,Storage Cabinet S4,Dhaka,Government,Partner,4,250000
2025-12-16,Industrial,Hydraulic Pump HP4,Khulna,Corporate,Direct,6,250000
2025-12-16,Industrial,Machine Tool MT1,Khulna,SME,Direct,6,250000
2025-12-17,Industrial,Power Generator PG3,Sylhet,SME,Distributor,3,250000
2025-12-17,Industrial,Hydraulic Pump HP4,Dhaka,Corporate,Distributor,18,250000
2025-12-18,FMCG,Snack Bundle S2,Khulna,Retail,Partner,31,47757
2025-12-18,FMCG,Food Items F5,Dhaka,Retail,Distributor,156,250000
2025-12-18,Industrial,Conveyor Belt CB2,Dhaka,Corporate,Partner,6,250000
2025-12-19,Electronics,Smartphone Pro X1,Rajshahi,Retail,Distributor,48,250000
2025-12-19,Furniture,Ergonomic Chair C2,Dhaka,Retail,Partner,17,250000
2025-12-19,FMCG,Beverage Pack B1,Dhaka,Government,Direct,200,250000
2025-12-20,Industrial,Conveyor Belt CB2,Rajshahi,SME,Online,4,250000
2025-12-20,Industrial,Conveyor Belt CB2,Dhaka,Government,Distributor,4,250000
2025-12-20,FMCG,Cleaning Supplies C4,Dhaka,Corporate,Distributor,152,250000
2025-12-21,Electronics,Monitor 4K M4,Dhaka,Retail,Distributor,20,250000
2025-12-21,FMCG,Personal Care P3,Dhaka,Retail,Direct,54,53229
2025-12-21,Furniture,Office Desk D1,Dhaka,Government,Distributor,16,250000
2025-12-21,Industrial,Power Generator PG3,Khulna,Corporate,Direct,9,250000
2025-12-21,FMCG,Snack Bundle S2,Rajshahi,Government,Distributor,83,243542
2025-12-22,Industrial,Machine Tool MT1,Sylhet,Government,Online,6,250000
2025-12-22,Electronics,Laptop Elite L2,Dhaka,Retail,Direct,51,250000
2025-12-23,Industrial,Conveyor Belt CB2,Khulna,Government,Distributor,5,250000
2025-12-24,FMCG,Food Items F5,Chattogram,SME,Online,82,51259
2025-12-24,FMCG,Food Items F5,Khulna,Government,Distributor,154,250000
2025-12-24,Furniture,Ergonomic Chair C2,Chattogram,Government,Direct,18,250000
2025-12-24,Electronics,Tablet Ultra T3,Khulna,Corporate,Online,56,250000
2025-12-24,Industrial,Conveyor Belt CB2,Dhaka,Corporate,Distributor,1,250000
2025-12-25,Industrial,Power Generator PG3,Chattogram,Government,Partner,10,250000
2025-12-25,Furniture,Office Desk D1,Khulna,SME,Direct,23,250000
2025-12-26,Industrial,Power Generator PG3,Khulna,SME,Partner,13,250000
2025-12-26,Furniture,Office Desk D1,Rajshahi,Corporate,Direct,24,250000
2025-12-26,Electronics,Tablet Ultra T3,Dhaka,Retail,Direct,50,250000
2025-12-26,Electronics,Laptop Elite L2,Khulna,Government,Online,52,250000
2025-12-26,Electronics,Wireless Earbuds E5,Rajshahi,Corporate,Partner,31,250000
2025-12-26,Industrial,Hydraulic Pump HP4,Khulna,SME,Online,8,250000
2025-12-27,FMCG,Cleaning Supplies C4,Rajshahi,SME,Online,67,173754
2025-12-27,Furniture,Storage Cabinet S4,Chattogram,Retail,Direct,10,250000
2025-12-27,FMCG,Beverage Pack B1,Sylhet,SME,Distributor,20,50120
2025-12-27,Industrial,Hydraulic Pump HP4,Dhaka,SME,Direct,1,250000
2025-12-30,Industrial,Hydraulic Pump HP4,Chattogram,Government,Online,14,250000
2025-12-30,Electronics,Wireless Earbuds E5,Rajshahi,Corporate,Online,28,250000
2025-12-30,Electronics,Smartphone Pro X1,Chattogram,Retail,Distributor,55,250000
2025-12-31,Electronics,Tablet Ultra T3,Rajshahi,SME,Partner,25,250000
2025-12-31,Electronics,Monitor 4K M4,Chattogram,Retail,Direct,52,250000
2025-12-31,Industrial,Machine Tool MT1,Dhaka,Corporate,Online,9,250000
